#OTU ID	A10	A11	A12	A6	A7	A8	A9	daiquiriA1	daiquiriA2	daiquiriA3	daiquiriA4	daiquiriA5
c5063f5a065030e0769e4ea111384593	0.0	0.0	0.0	3.0	0.0	0.0	0.0	0.0	0.0	0.0	0.0	0.0
16a47ecf4cd1953c7d23f1227fa63ffa	0.0	0.0	0.0	0.0	0.0	2.0	0.0	0.0	0.0	0.0	0.0	0.0
2657b58bd2f565fe8429481225d6f2aa	0.0	0.0	0.0	2.0	0.0	0.0	0.0	0.0	0.0	0.0	0.0	0.0
ec810fc1207f406c645ab4f18076bbfd	0.0	0.0	0.0	0.0	0.0	0.0	0.0	0.0	0.0	25.0	0.0	0.0
048f78d265b1056e8bf4e7381d508204	0.0	0.0	3.0	0.0	0.0	0.0	0.0	0.0	0.0	0.0	0.0	0.0
66dae1673430e487f9bbfe84b6132d7e	0.0	0.0	0.0	0.0	0.0	0.0	0.0	0.0	0.0	0.0	3.0	0.0
2a6030a71a09ca3e6b3245466c03d65e	0.0	0.0	0.0	0.0	0.0	0.0	3.0	0.0	0.0	0.0	0.0	0.0
21b7590b088a7cda86eb0da661b7af48	0.0	4.0	0.0	0.0	0.0	0.0	0.0	0.0	0.0	0.0	0.0	0.0
95e587c0fc9b2e564f590de2799748ed	0.0	3.0	0.0	0.0	0.0	0.0	0.0	0.0	0.0	0.0	0.0	0.0
4afc4cccfe15a2062e7f015a4540ca6e	0.0	0.0	0.0	4.0	0.0	0.0	0.0	0.0	0.0	0.0	0.0	0.0
aac04e3c7018bc2cccdec39215a17432	0.0	0.0	0.0	0.0	0.0	0.0	0.0	16.0	0.0	15.0	0.0	0.0
461450cff8d616a93ca6638c585138e5	0.0	0.0	0.0	8.0	0.0	0.0	0.0	0.0	0.0	0.0	0.0	0.0
db1bddd36f0959af48cffb38493618a0	0.0	0.0	0.0	0.0	0.0	0.0	0.0	0.0	0.0	2.0	0.0	0.0
4f8c758ffa352332842ffd7a1a4bffe1	0.0	0.0	0.0	0.0	0.0	0.0	0.0	0.0	0.0	5.0	0.0	0.0
68528942ec176774b550c8da81fe6483	0.0	0.0	0.0	0.0	0.0	3.0	0.0	0.0	0.0	0.0	0.0	0.0
93edf82955a4f724f21cfe9da34327b8	0.0	0.0	0.0	0.0	0.0	0.0	0.0	0.0	0.0	25.0	0.0	0.0
02a620fd56be52e4b18d9cd6af230cdd	0.0	0.0	0.0	0.0	0.0	0.0	0.0	0.0	0.0	8.0	0.0	0.0
ca5a82ce36bf078ef31bf29291157b85	0.0	0.0	0.0	0.0	0.0	0.0	0.0	0.0	0.0	0.0	0.0	2.0
2593a5d8947c1a943342f364c8d07034	0.0	0.0	0.0	0.0	0.0	0.0	0.0	3.0	0.0	0.0	0.0	0.0
4dccba339914e988a6b76b5e8130b978	0.0	0.0	0.0	0.0	0.0	0.0	0.0	0.0	0.0	37.0	0.0	0.0
12f6174a5d3d797c77782e80d6c0c443	0.0	0.0	0.0	0.0	0.0	0.0	0.0	0.0	3.0	0.0	0.0	0.0
c263c20c181aba24293b0a1059af13b4	0.0	0.0	0.0	3.0	0.0	0.0	0.0	0.0	0.0	0.0	0.0	0.0
f97957489ea02d97afbc7d005787debd	0.0	0.0	0.0	0.0	0.0	0.0	0.0	0.0	0.0	10.0	0.0	0.0
482d7543c3a3dc767fe01167b31b8f70	0.0	0.0	0.0	0.0	0.0	0.0	0.0	0.0	0.0	4.0	0.0	0.0
06586462f170e52fd4cbf5492fed078a	0.0	0.0	0.0	3.0	0.0	0.0	0.0	0.0	0.0	3.0	0.0	0.0
387daf24f6bd9c779d2085251adb5d74	0.0	0.0	0.0	0.0	0.0	0.0	0.0	0.0	0.0	4.0	0.0	0.0
b70ea0335db784c8cb9ba89e4926a2b8	0.0	0.0	0.0	0.0	122.0	0.0	0.0	0.0	0.0	0.0	0.0	0.0
d756f9247d0cfe76c9fa711e98a6767b	0.0	0.0	0.0	0.0	0.0	0.0	0.0	0.0	0.0	3.0	0.0	0.0
fb6e0bf4163f3fc73416dffb1bff1bc2	0.0	0.0	0.0	0.0	0.0	0.0	0.0	0.0	0.0	11.0	0.0	0.0
292d3f7cdbae0600714b1f9f563d1f51	0.0	4.0	0.0	0.0	0.0	0.0	0.0	0.0	0.0	0.0	0.0	0.0
3d65a5c8b788957cb6bdb7a86cd35a76	0.0	0.0	0.0	0.0	0.0	0.0	0.0	0.0	0.0	2.0	0.0	0.0
0597728668fc4d2e9184770bd45b5fb3	0.0	0.0	0.0	0.0	0.0	0.0	0.0	6.0	0.0	0.0	0.0	0.0
fb867dd2dc261fedf9e7f6a74c163177	0.0	0.0	0.0	0.0	0.0	0.0	0.0	0.0	0.0	0.0	0.0	2.0
1d3735250ac30201158f21a18b91cc85	0.0	0.0	0.0	0.0	11.0	0.0	0.0	0.0	0.0	0.0	0.0	0.0
f64717fa1e49c240c99f77bd17c1d2f8	0.0	0.0	0.0	0.0	0.0	0.0	0.0	0.0	0.0	2.0	0.0	0.0
5c6dfc3f57efbae23eadb8a48e6d3e11	0.0	0.0	0.0	0.0	0.0	0.0	0.0	0.0	0.0	11.0	0.0	0.0
8a93e67ffe254bcebc5f482031122553	0.0	7.0	0.0	0.0	0.0	0.0	0.0	0.0	0.0	0.0	0.0	0.0
63764919bcf218274cf576f80fc741d2	0.0	0.0	0.0	0.0	0.0	0.0	0.0	0.0	0.0	3.0	0.0	0.0
4b36883be75bef688dfb03b32b2ceae8	0.0	4.0	0.0	0.0	0.0	0.0	0.0	0.0	0.0	0.0	0.0	0.0
d6d21fae2e889a6f2e9e13d4f8ff3ee7	0.0	0.0	0.0	0.0	0.0	0.0	0.0	0.0	0.0	4.0	0.0	0.0
d26290bbd44dfa94a57ce9ae39b719ed	0.0	0.0	0.0	0.0	0.0	0.0	0.0	0.0	0.0	4.0	0.0	0.0
1cda8fce0a0113b554657bfdffbd5ae3	0.0	0.0	0.0	0.0	0.0	3.0	0.0	0.0	0.0	0.0	0.0	0.0
8d7668ec9cf6a01fab7d17f52bca26ac	0.0	0.0	0.0	0.0	0.0	0.0	0.0	3.0	0.0	0.0	0.0	0.0
51faa4df749eb47b276aed6917074c72	0.0	0.0	0.0	0.0	0.0	3.0	0.0	0.0	0.0	12.0	0.0	0.0
13690fbac7571411e652a98d8e398b84	0.0	0.0	0.0	0.0	0.0	0.0	0.0	0.0	0.0	8.0	0.0	0.0
1e1a072dbcfd6094f1e8a0a2669d18e1	0.0	0.0	0.0	0.0	0.0	0.0	0.0	0.0	2.0	0.0	0.0	0.0
1839c14b8810e66a8403c7412e6f7138	0.0	0.0	0.0	0.0	0.0	0.0	0.0	0.0	0.0	4.0	0.0	0.0
d3d740e84f5a0ad83bba42e9df760663	0.0	0.0	0.0	0.0	0.0	0.0	0.0	0.0	0.0	3.0	0.0	0.0
f91c72c47d3d494c6530c9d6293f000b	0.0	0.0	0.0	0.0	0.0	0.0	0.0	2.0	0.0	0.0	0.0	0.0
832cb14fa268fd6a912882bac8ace944	0.0	0.0	0.0	0.0	0.0	0.0	0.0	0.0	0.0	4.0	0.0	0.0
0f62c0fdf83ab7c6bb4116b10587c964	0.0	0.0	0.0	0.0	0.0	0.0	0.0	0.0	0.0	3.0	0.0	0.0
b8f6d4febf4673bfb14b9ebcfd4b8d7f	0.0	0.0	0.0	0.0	0.0	0.0	0.0	0.0	0.0	0.0	7.0	0.0
cb997b7879aed70a21a6a18b7597c8fe	0.0	0.0	0.0	0.0	0.0	0.0	2.0	0.0	0.0	0.0	0.0	0.0
ac09e0991292b6694849f9d57b6db044	0.0	0.0	0.0	0.0	0.0	0.0	0.0	0.0	0.0	3.0	0.0	0.0
f4e2cf08d2967ddd4180d2c749bb943c	0.0	0.0	0.0	0.0	0.0	0.0	0.0	3.0	0.0	0.0	0.0	0.0
ee1a173996b08bd040ad39391213955e	0.0	0.0	0.0	0.0	0.0	0.0	0.0	4.0	0.0	0.0	0.0	0.0
92a97af0358480f190634cd728af7c48	44.0	0.0	0.0	0.0	0.0	0.0	0.0	0.0	0.0	0.0	0.0	0.0
7cdbb42815e51490e867069fc1c6d6ae	0.0	0.0	0.0	8.0	0.0	0.0	0.0	0.0	0.0	0.0	0.0	0.0
7905a882df018f507d0852551e4b91a9	0.0	0.0	0.0	3.0	0.0	0.0	0.0	0.0	0.0	0.0	0.0	0.0
5a7ca0c2373259968e536df9f32761b5	6.0	0.0	0.0	0.0	0.0	0.0	0.0	0.0	0.0	0.0	0.0	0.0
be1a188544213814608a88e5d37f5753	0.0	0.0	0.0	0.0	0.0	0.0	0.0	0.0	0.0	6.0	0.0	0.0
1a7fca2ad4ff20616fd741f0537a666e	0.0	3.0	0.0	0.0	0.0	0.0	0.0	0.0	0.0	0.0	0.0	0.0
1019ca847ee8790c038940e5f16156e3	0.0	0.0	0.0	0.0	0.0	0.0	0.0	0.0	0.0	2.0	0.0	0.0
1cbe023da9cb6d4493515833b7443fa6	0.0	0.0	0.0	0.0	0.0	0.0	0.0	0.0	0.0	19.0	0.0	0.0
e7c8574d80314fbb0b6fd44186c1b972	0.0	0.0	0.0	0.0	0.0	2.0	0.0	0.0	0.0	0.0	0.0	0.0
9884bd4b8d466e9ccf5c5f2ea9746791	0.0	0.0	0.0	0.0	0.0	0.0	0.0	0.0	13.0	0.0	0.0	0.0
0e2e86bf1ee5658e747613fbb37d5333	0.0	0.0	0.0	0.0	0.0	0.0	0.0	0.0	0.0	0.0	2.0	0.0
e537eea65174b9a57bb290339fd7aa4e	0.0	0.0	0.0	0.0	0.0	0.0	0.0	0.0	0.0	0.0	0.0	9.0
2b4362f7a32d252d9d49a725ce3aa232	0.0	0.0	0.0	0.0	0.0	0.0	0.0	0.0	0.0	0.0	0.0	2.0
4b8544e8b209f80a0b90973f1bed9fc7	0.0	0.0	0.0	0.0	0.0	0.0	0.0	0.0	0.0	5.0	0.0	3.0
3ea8c67d01df6a8e924c075b5a6f45d6	0.0	0.0	0.0	0.0	0.0	0.0	0.0	0.0	0.0	4.0	0.0	0.0
e76e02374c7638debcb08a3d435690a6	0.0	0.0	0.0	5.0	0.0	0.0	0.0	0.0	0.0	0.0	0.0	0.0
55b1fc9419d2a21957a12d4590421fc5	0.0	0.0	0.0	0.0	0.0	0.0	0.0	0.0	0.0	4.0	0.0	0.0
0f05afc1e50fb49d66c77262587c9aa4	0.0	3.0	0.0	0.0	0.0	0.0	0.0	0.0	0.0	0.0	0.0	0.0
3020293daba927adf4ccb34d79455152	0.0	0.0	0.0	0.0	0.0	0.0	0.0	0.0	0.0	7.0	0.0	0.0
65070b8445dc2a48752113736d743cb4	0.0	0.0	0.0	0.0	0.0	0.0	0.0	0.0	0.0	16.0	0.0	0.0
4f15032f052106057f15024b9c7c4f53	3.0	0.0	0.0	0.0	0.0	0.0	0.0	0.0	0.0	0.0	0.0	0.0
15f434d89e62f3f3d3b77af5c5dbf07a	0.0	0.0	0.0	0.0	0.0	0.0	0.0	0.0	0.0	6.0	0.0	0.0
9a0419311fcbe3a79e1d005bb14cfe5a	0.0	0.0	0.0	0.0	0.0	3.0	0.0	0.0	0.0	0.0	0.0	0.0
0848cb1b31a1854af3e95af5f8c2e6f9	0.0	0.0	0.0	5.0	0.0	0.0	0.0	0.0	0.0	0.0	0.0	0.0
e5af4a03a518db9f79d03c80e5a0b408	0.0	0.0	0.0	5.0	0.0	0.0	0.0	0.0	0.0	18.0	0.0	0.0
84bc1bfbadc0e86a468e0f3f6f8b443a	0.0	0.0	0.0	3.0	0.0	0.0	0.0	0.0	0.0	0.0	0.0	0.0
8fc66bfd1893673414ae46c3966d73b1	0.0	0.0	0.0	2.0	0.0	0.0	0.0	0.0	0.0	0.0	0.0	0.0
b2a7064c7c3427a47f4f2ef8228340e9	0.0	5.0	0.0	0.0	0.0	0.0	0.0	0.0	0.0	0.0	0.0	0.0
8cdfacfbb2bf8e8b97985d2d08ce38bb	0.0	0.0	0.0	0.0	0.0	0.0	0.0	0.0	0.0	0.0	3.0	0.0
dff8ac4149acdcbfea3526c7a500e061	0.0	0.0	0.0	4.0	0.0	0.0	0.0	0.0	0.0	0.0	0.0	0.0
f0d00eabae7f584cfde8d3c253544ae0	0.0	0.0	0.0	0.0	0.0	0.0	0.0	0.0	0.0	5.0	0.0	0.0
ed909d7ea5f12ae94fe9c88ff10d7f77	0.0	0.0	0.0	0.0	0.0	0.0	0.0	3.0	0.0	0.0	0.0	0.0
40f57ad55947c2ff21f22b5a88f4fe7d	0.0	0.0	0.0	0.0	0.0	0.0	0.0	0.0	0.0	5.0	0.0	0.0
0b6cae843ada12b30815deb4abb0755c	0.0	0.0	0.0	4.0	0.0	0.0	0.0	0.0	0.0	0.0	0.0	0.0
943e5c024045af6ae6179bbeb011c2f1	0.0	0.0	0.0	4.0	0.0	0.0	0.0	0.0	2.0	0.0	0.0	0.0
208926a3d6fcafabe9d6c0d4c560bd83	0.0	0.0	0.0	0.0	0.0	0.0	0.0	0.0	0.0	3.0	0.0	0.0
83f64240b02310581a2c252c5a902069	0.0	0.0	0.0	0.0	0.0	0.0	0.0	0.0	5.0	13.0	0.0	0.0
758c89b66b5f07900c117ed12b107672	0.0	0.0	0.0	0.0	0.0	0.0	0.0	0.0	0.0	3.0	0.0	0.0
c3d77339a03f971c0319273adf5dcfc7	0.0	0.0	0.0	0.0	0.0	0.0	2.0	0.0	0.0	0.0	0.0	0.0
a057800407e5be2e06f98684347a5511	0.0	0.0	0.0	0.0	0.0	0.0	0.0	0.0	3.0	0.0	0.0	0.0
56ff2cae49dfc4e57bf298ea05f63cc2	0.0	3.0	0.0	0.0	0.0	0.0	0.0	0.0	0.0	0.0	0.0	0.0
308c0c932500d0739e517d707582ac84	0.0	0.0	0.0	0.0	0.0	0.0	0.0	0.0	0.0	0.0	0.0	4.0
5792942ab9ba68f2fd2004f38cd245a7	0.0	0.0	0.0	0.0	0.0	0.0	0.0	0.0	0.0	16.0	0.0	0.0
f72cd035ae272a05890cef87cc988fbc	0.0	0.0	0.0	0.0	0.0	0.0	0.0	0.0	0.0	2.0	0.0	0.0
e7faa663bda6c4e6c66afe773fa8299c	0.0	0.0	0.0	5.0	0.0	0.0	0.0	0.0	0.0	0.0	0.0	0.0
3fec60ee21ba4b0ebe4b6518f55afb43	0.0	0.0	0.0	0.0	63.0	0.0	0.0	0.0	59.0	53.0	7.0	108.0
57e1c37d8e5e81f5685fc66ffc4905fe	0.0	0.0	0.0	0.0	0.0	0.0	0.0	0.0	0.0	27.0	0.0	0.0
1f88e17631ecde045c76dc9a9f378a1e	0.0	0.0	0.0	0.0	50.0	0.0	0.0	0.0	0.0	0.0	0.0	0.0
09420839d5b999e7eaa24a5275ef2f00	0.0	0.0	0.0	0.0	0.0	0.0	0.0	15.0	119.0	0.0	0.0	0.0
80d12c2fc5bbdbbe0a77b27cceaed5ef	0.0	0.0	0.0	0.0	0.0	0.0	0.0	0.0	0.0	85.0	0.0	0.0
8d82c34b6edbf2c08099c3418715afed	0.0	0.0	0.0	0.0	0.0	25.0	0.0	0.0	0.0	0.0	0.0	0.0
9b3cc1124d3366baf67616b8b2e7e13c	0.0	3.0	0.0	0.0	0.0	0.0	0.0	0.0	0.0	0.0	0.0	0.0
ecc1b3c50344efaab8f2ae5264bde966	0.0	0.0	0.0	0.0	0.0	0.0	0.0	0.0	0.0	2.0	0.0	0.0
b4f8c8fa9654b936e8e34d34bc666fd2	0.0	0.0	0.0	0.0	33.0	0.0	0.0	0.0	0.0	0.0	0.0	0.0
79a378679be18df096b6996df80020d2	0.0	18.0	0.0	0.0	0.0	0.0	0.0	0.0	0.0	0.0	0.0	0.0
1decea278a9a8b3597c335a78f4119bc	21.0	0.0	0.0	0.0	0.0	0.0	0.0	0.0	0.0	0.0	0.0	0.0
05fcbb5678caf739cc2bc8a8724989af	0.0	0.0	451.0	0.0	0.0	0.0	0.0	0.0	0.0	78.0	780.0	0.0
13c4f6adb49d6681064a8a04b449787e	0.0	0.0	0.0	0.0	0.0	0.0	0.0	0.0	0.0	361.0	0.0	0.0
f9eb08a80fd275970788f7156aff07bb	0.0	0.0	0.0	0.0	0.0	0.0	0.0	0.0	645.0	0.0	0.0	0.0
dce2cc9033737883982375ab6d91d581	0.0	0.0	0.0	0.0	95.0	0.0	0.0	10.0	25250.0	0.0	0.0	0.0
7394e6970fb9e1ac9caf80a7af94c0d9	0.0	269.0	0.0	0.0	0.0	0.0	0.0	0.0	0.0	0.0	0.0	0.0
8b316bd9d013b9dea6152e9302ea17d1	0.0	339.0	0.0	0.0	0.0	0.0	0.0	0.0	0.0	0.0	0.0	0.0
62ce5968e25bea1ff4a7fa2b500afab3	56.0	49.0	190.0	7887.0	0.0	0.0	0.0	0.0	0.0	0.0	0.0	0.0
e6a9584179c941de9cc9d264db730389	0.0	437.0	0.0	0.0	0.0	0.0	0.0	0.0	0.0	0.0	0.0	0.0
1f166d3184b739b75d50946be5cf9be9	0.0	0.0	0.0	7.0	0.0	0.0	0.0	0.0	0.0	0.0	0.0	0.0
845d68a584d85a754055d84159d33c51	0.0	0.0	0.0	6.0	0.0	0.0	0.0	0.0	0.0	0.0	0.0	0.0
74376fc208d0a7c0bb0683f4b3584913	0.0	0.0	0.0	563.0	0.0	0.0	0.0	0.0	0.0	0.0	0.0	0.0
36452251a63cbfa9ef368c37fb5688fa	0.0	0.0	0.0	0.0	0.0	0.0	0.0	118.0	0.0	0.0	0.0	48.0
254f9e13f72d8493454b767a18ab168e	1668.0	1558.0	5761.0	281644.0	126.0	23.0	0.0	3342.0	0.0	1037.0	1365.0	1472.0
f53fee073f67108f0dc0e4239f9cadc8	0.0	0.0	149.0	7421.0	0.0	0.0	0.0	0.0	0.0	0.0	0.0	0.0
f892c1b22a4ad5496e85c98c300da639	36.0	42.0	182.0	8309.0	0.0	0.0	0.0	0.0	0.0	0.0	0.0	0.0
c44410c61e8806031424c201487f463e	0.0	0.0	0.0	15174.0	0.0	0.0	12.0	0.0	0.0	0.0	0.0	0.0
983ab4d3a2d051a26c10f81b166886b5	0.0	0.0	0.0	397.0	0.0	0.0	0.0	0.0	0.0	0.0	0.0	0.0
ef5134273540d6fcc05402dace85db0e	0.0	0.0	92.0	0.0	0.0	0.0	0.0	0.0	0.0	0.0	0.0	0.0
eed908438c5e34dbbeeef8430908abf6	281.0	94.0	8998.0	0.0	0.0	0.0	0.0	0.0	0.0	0.0	0.0	0.0
0918c24c4220b08df5bd20e2efa29da5	0.0	0.0	0.0	3482.0	0.0	0.0	0.0	0.0	0.0	0.0	0.0	0.0
093f1804e62c700b1736b32f8e8a581f	0.0	0.0	0.0	241.0	0.0	0.0	0.0	0.0	0.0	0.0	0.0	0.0
b30c486e895b932546802b79df3358b7	0.0	0.0	0.0	142.0	0.0	0.0	0.0	0.0	0.0	0.0	0.0	0.0
103935f983dffdfee3bd6109fe1e319d	848.0	87.0	0.0	123443.0	612.0	0.0	0.0	0.0	0.0	56.0	566.0	1062.0
cfb8595e40743a5e77be7cc13389dba1	0.0	0.0	0.0	3101.0	0.0	0.0	0.0	0.0	0.0	0.0	0.0	0.0
3574de99945e61710eaee32fa034d151	0.0	0.0	0.0	3332.0	0.0	0.0	0.0	0.0	0.0	0.0	0.0	0.0
b05affb9bda003047b06e113dba695a7	0.0	0.0	0.0	0.0	0.0	0.0	0.0	0.0	0.0	0.0	3.0	0.0
bd4a4d109408ff7d4bdda47d2b4dd6bb	371.0	0.0	479.0	0.0	121.0	0.0	0.0	0.0	0.0	0.0	0.0	0.0
891ee36a119dce35e0433080d814be9c	378.0	64.0	4480.0	0.0	0.0	0.0	0.0	0.0	0.0	0.0	0.0	0.0
dbe020460fe1538768c3b39548bd7c21	0.0	0.0	0.0	0.0	0.0	0.0	0.0	207.0	0.0	0.0	0.0	0.0
0caba2db04cb9eb4eebdaf24c3e0a14f	0.0	0.0	0.0	0.0	0.0	22.0	0.0	0.0	0.0	0.0	0.0	0.0
014d2bf415e37beb6d26e67eebfc0ceb	0.0	0.0	0.0	0.0	0.0	0.0	0.0	2866.0	0.0	2652.0	0.0	102.0
974b9cd1d467cac746be8fb2b800afdc	13988.0	89.0	16223.0	29.0	4514.0	0.0	121.0	91794.0	124.0	91874.0	322.0	4440.0
79c6afe667a8d560c5254f5790d7b812	0.0	0.0	0.0	0.0	248.0	0.0	44.0	20950.0	0.0	0.0	0.0	0.0
f45c7e7989eb390f39c997e0fe80080e	425.0	0.0	432.0	0.0	137.0	0.0	0.0	0.0	0.0	0.0	0.0	0.0
0600fcbd341da8b908a1db7058f2838b	417.0	0.0	516.0	0.0	153.0	0.0	0.0	0.0	0.0	0.0	0.0	0.0
1f601022f53b6ead8b63f12380d223ef	0.0	0.0	0.0	0.0	286.0	0.0	0.0	0.0	0.0	0.0	0.0	1041.0
8723cebee4cfa66312b234b27381ed96	0.0	0.0	0.0	0.0	906.0	0.0	0.0	0.0	0.0	0.0	0.0	5081.0
f70f1f6514855ce99419d9b944d41045	0.0	0.0	0.0	0.0	102.0	0.0	0.0	0.0	0.0	0.0	0.0	0.0
b1d6fc351523c62b7e4ed97a41524e44	0.0	0.0	0.0	0.0	112.0	0.0	0.0	0.0	0.0	0.0	0.0	0.0
89ba53083e83420fa6ce26a2c82a2c52	0.0	0.0	0.0	0.0	1961.0	0.0	0.0	0.0	0.0	0.0	0.0	8473.0
c6b8f8a260e6912bb3d915ad597e4e8c	5771.0	6890.0	0.0	0.0	455.0	8681.0	11156.0	0.0	0.0	0.0	0.0	0.0
5491856c7534baa0a29f0b0703a4f35b	0.0	0.0	0.0	0.0	0.0	0.0	0.0	0.0	0.0	0.0	0.0	4.0
66ca07aae3530556d1b36361dfb53a3d	0.0	0.0	0.0	0.0	0.0	2.0	0.0	0.0	0.0	0.0	0.0	0.0
265ca8e81f411deca18cd2dd95a5a668	0.0	0.0	0.0	0.0	0.0	9.0	0.0	0.0	0.0	0.0	0.0	0.0
e33f11796700db0c553459c68be60e2b	402.0	469.0	0.0	0.0	0.0	636.0	798.0	164.0	0.0	1119.0	0.0	0.0
690768b4a177dba8c81d58df4fb5c0df	0.0	0.0	0.0	0.0	0.0	552.0	0.0	0.0	0.0	0.0	0.0	0.0
ce69c0058b53d0593ff292c820fe4bae	0.0	0.0	0.0	0.0	0.0	0.0	0.0	2392.0	0.0	16239.0	1374.0	883.0
027df121433429b727681d99248ffd78	271.0	300.0	0.0	0.0	0.0	391.0	501.0	0.0	0.0	642.0	0.0	0.0
a5289bc7b52aed246d073e3b22d5d220	223086.0	258484.0	213.0	1071.0	15115.0	322049.0	432026.0	83097.0	99.0	504320.0	47552.0	31663.0
1d54a4fd17e3f735467e95326f37fa54	6125.0	6922.0	0.0	0.0	392.0	8565.0	11491.0	0.0	0.0	0.0	0.0	0.0
d6fba14b498cb5f0b2fe6a647aeb88cf	0.0	0.0	0.0	0.0	0.0	0.0	0.0	0.0	0.0	10849.0	0.0	0.0
ea8615ba0556a6461b9b9dc6b23c1078	0.0	0.0	0.0	0.0	0.0	0.0	432.0	0.0	0.0	0.0	0.0	0.0
c4e8897ee87a6c113bfae2c91a6c6de9	311.0	360.0	0.0	0.0	0.0	428.0	483.0	0.0	0.0	578.0	0.0	0.0
c7e5fc925924cc3b5e06d3760de8dea5	327.0	0.0	0.0	0.0	0.0	0.0	0.0	0.0	0.0	504.0	0.0	0.0
42ac049dff49a57c98e553ff277fdb46	0.0	0.0	0.0	0.0	80.0	0.0	0.0	0.0	0.0	0.0	0.0	0.0
992b71308191f81cb0a9fcf554d23acd	5860.0	6958.0	0.0	0.0	431.0	8792.0	11144.0	0.0	0.0	0.0	0.0	0.0
2d3f5e588a95ca60218d1d9d050ca453	0.0	0.0	0.0	0.0	0.0	0.0	0.0	0.0	0.0	490.0	0.0	0.0
53c265e95e65221c525f051b84a8356e	6358.0	7490.0	0.0	0.0	421.0	9420.0	12447.0	0.0	0.0	0.0	0.0	0.0
ab119eeb48f65e014978d322e5bc0859	0.0	0.0	0.0	0.0	0.0	0.0	0.0	0.0	0.0	452.0	0.0	0.0
500ee81ab64386564c7b74bb3cb145aa	0.0	0.0	0.0	0.0	0.0	0.0	0.0	0.0	0.0	2.0	0.0	0.0
6866bf96a69703e3fe9b354bb07e1e2d	0.0	0.0	0.0	0.0	0.0	0.0	3.0	0.0	0.0	0.0	0.0	0.0
a2130332b6ee6c53632a2b2bc7cc8374	0.0	7438.0	0.0	0.0	0.0	0.0	0.0	0.0	0.0	0.0	0.0	0.0
70a0eea3859c9edfdd3c57b4536b0c9b	0.0	0.0	0.0	0.0	0.0	0.0	0.0	0.0	0.0	38.0	0.0	0.0
6d666897cde537532a439ae80fcc6463	0.0	316.0	0.0	0.0	0.0	422.0	503.0	0.0	0.0	668.0	0.0	0.0
7f6ac0fc3fc04595cb1b7aae3f733141	0.0	0.0	0.0	0.0	0.0	0.0	0.0	0.0	4.0	0.0	0.0	0.0
76a042b854944b679c974e0ffc5c6141	0.0	0.0	0.0	10.0	0.0	0.0	0.0	0.0	0.0	0.0	0.0	0.0
f71dee5aa8f2a4dbde4907fd737504c4	23.0	0.0	103.0	0.0	0.0	0.0	0.0	0.0	0.0	0.0	0.0	0.0
5ff23d8ccd5114abd2694c73c1ca24a9	0.0	0.0	0.0	0.0	0.0	10.0	0.0	0.0	0.0	0.0	0.0	0.0
f5336cb832d6bb6d069f27a90bd0d530	0.0	0.0	0.0	0.0	0.0	0.0	0.0	0.0	6.0	0.0	0.0	0.0
ed22aa2aac237282ee4f59b7d2b680a2	0.0	92.0	0.0	0.0	0.0	0.0	0.0	0.0	0.0	0.0	0.0	0.0
c918afaa4b8d8afec6ef40cf00428b82	0.0	2579.0	0.0	0.0	0.0	217.0	239.0	0.0	0.0	353.0	0.0	0.0
b254aad58c249a7f9fc5614daa180314	945.0	2313.0	0.0	0.0	0.0	190.0	220.0	265.0	0.0	920.0	51.0	157.0
8fe1850661840c75f13c7d103d6a96e5	0.0	0.0	0.0	0.0	0.0	0.0	0.0	174.0	0.0	0.0	0.0	0.0
bfd0bb0580113289c02670c8dbfbe962	0.0	1391.0	0.0	0.0	0.0	105.0	175.0	0.0	0.0	527.0	0.0	0.0
916ebf7500cde9e94516dc5d2495760e	0.0	0.0	0.0	0.0	0.0	0.0	0.0	206.0	0.0	0.0	0.0	0.0
37fd17b9a2f8c2dd2de1644b29b4b508	0.0	0.0	0.0	0.0	0.0	0.0	0.0	0.0	0.0	549.0	0.0	0.0
1a2a0111494949dfff86820c089b8479	36.0	77.0	0.0	0.0	0.0	0.0	0.0	0.0	0.0	0.0	0.0	0.0
f3f4145bca94c321d6d883aa08e76573	0.0	0.0	0.0	0.0	190.0	0.0	0.0	200.0	0.0	0.0	0.0	0.0
5bc7789ce886f405d71a5cd732a3e186	0.0	0.0	0.0	0.0	0.0	12.0	0.0	0.0	0.0	0.0	0.0	0.0
dbe03cc9990ca7d0f80a04224dd28cbc	39.0	16.0	0.0	16.0	0.0	0.0	0.0	0.0	0.0	0.0	0.0	0.0
949ef1c85f0961a3646949de68af2c59	0.0	0.0	0.0	0.0	0.0	0.0	0.0	0.0	0.0	0.0	0.0	2.0
fa1547566e360c6ee07c1d4ac6ecf584	0.0	0.0	0.0	0.0	0.0	0.0	4.0	0.0	0.0	0.0	0.0	0.0
aca9fab2d0afd6e59b91ba2d28145cf6	0.0	10.0	0.0	0.0	0.0	0.0	0.0	0.0	0.0	0.0	0.0	0.0
3131414eb98c0cf1e064a43c8f9a743b	0.0	0.0	0.0	0.0	425.0	0.0	0.0	0.0	0.0	0.0	0.0	0.0
28b6d226ff806a62a02bd192941b611e	0.0	0.0	0.0	0.0	473.0	0.0	0.0	0.0	0.0	0.0	0.0	0.0
b402f494f355a0fa7a7798fde168a2f2	0.0	0.0	0.0	0.0	38.0	0.0	0.0	0.0	0.0	0.0	0.0	0.0
071b628b1d475976d7cf14ce7cb0188c	0.0	0.0	0.0	0.0	0.0	20.0	0.0	0.0	0.0	0.0	0.0	0.0
f680c2779b305031332776349cc978e6	0.0	0.0	0.0	0.0	0.0	19.0	0.0	0.0	0.0	0.0	0.0	0.0
d78c7563978bff2f73a56341cacefb52	0.0	0.0	0.0	0.0	0.0	0.0	0.0	0.0	0.0	0.0	18.0	0.0
f127dfc23c2577f6d0ae49650f4bad0f	0.0	0.0	0.0	0.0	0.0	0.0	0.0	11.0	0.0	0.0	0.0	0.0
1bc7239a4e1b278d4025edc19500d855	7.0	0.0	0.0	0.0	0.0	0.0	0.0	0.0	0.0	0.0	0.0	0.0
0cdc519d6c2d6a633e544243d1e45f23	95.0	0.0	0.0	0.0	40.0	0.0	0.0	0.0	0.0	50.0	0.0	0.0
80c1bc5aa4b54c90d7d270972375eafb	0.0	0.0	0.0	32.0	0.0	0.0	0.0	0.0	0.0	0.0	0.0	4.0
5ca3137ca38a7897b985371999c1dce4	0.0	0.0	0.0	31.0	0.0	0.0	0.0	0.0	0.0	0.0	0.0	0.0
65b9892e5c109b832ffd458ec34c8f36	280.0	116.0	17.0	99.0	278.0	1910.0	0.0	0.0	0.0	0.0	0.0	0.0
aff0fc7c3838f7e81cdd30983e66f12a	242.0	0.0	0.0	0.0	0.0	0.0	0.0	0.0	0.0	0.0	0.0	0.0
af7a5bc35b42abd2826b1d4493991667	99.0	0.0	0.0	65.0	0.0	0.0	0.0	0.0	0.0	0.0	0.0	0.0
b151cea48704fcded34f7b76ad0f6d5c	0.0	0.0	0.0	0.0	143.0	0.0	0.0	0.0	0.0	0.0	0.0	0.0
a5610fbb2a97d7b339433254245f93bd	289.0	323.0	0.0	112.0	494.0	196.0	54.0	0.0	0.0	74.0	103.0	0.0
b4dfb242cb79a11819d6e257170b2722	65.0	0.0	0.0	0.0	0.0	0.0	0.0	0.0	0.0	0.0	0.0	0.0
dbc8f9656db6dc883383d32d09305cfa	0.0	84.0	0.0	0.0	0.0	0.0	0.0	0.0	0.0	0.0	0.0	0.0
5b1ed6dafaaa00b9f5cba9ec65a0fdde	0.0	55.0	0.0	0.0	0.0	0.0	0.0	0.0	0.0	0.0	0.0	0.0
3e6ba254edc6ab09fec427508546048a	78.0	0.0	0.0	29.0	23.0	0.0	0.0	56.0	533.0	0.0	0.0	42.0
5352996e62e18e647bf7e443c44a297b	0.0	0.0	0.0	0.0	0.0	0.0	0.0	0.0	142.0	0.0	0.0	0.0
96196325fad9c6dc36b2c9ebafbd6817	0.0	0.0	0.0	0.0	0.0	0.0	48.0	0.0	0.0	0.0	0.0	0.0
92fba8526faa44bfec37e9e018229fc0	0.0	11.0	0.0	0.0	0.0	0.0	0.0	0.0	0.0	0.0	0.0	0.0
a2a50388140bd46c5074446a8d48267f	0.0	0.0	0.0	0.0	0.0	289.0	0.0	0.0	0.0	0.0	0.0	0.0
e5ea2658e14a56004e4da4d14d95468c	0.0	0.0	0.0	37.0	0.0	0.0	0.0	0.0	0.0	0.0	0.0	0.0
2aa19578fabe2f8b0071c392acc24089	0.0	0.0	0.0	0.0	0.0	0.0	0.0	0.0	210.0	0.0	0.0	0.0
8bdd8d05d7b2e3a8064a6dc768e53a6f	0.0	0.0	0.0	0.0	0.0	0.0	0.0	0.0	0.0	38.0	8.0	0.0
8747829352daab947acfea9eedd3f37c	0.0	0.0	0.0	0.0	0.0	0.0	0.0	0.0	829.0	0.0	0.0	0.0
2b46a59aba5f37a95a55506c30721f4e	0.0	0.0	0.0	0.0	0.0	3.0	0.0	0.0	0.0	0.0	0.0	0.0
b4f491266b9dce5af142bf2449bec320	0.0	0.0	0.0	2.0	0.0	0.0	0.0	0.0	0.0	0.0	0.0	0.0
b7fe17a99ffabbaf613e3c2a67ecad81	0.0	0.0	0.0	29.0	0.0	262.0	0.0	0.0	775.0	0.0	0.0	0.0
d2d40805895fd519b106d6031c57a230	0.0	0.0	0.0	0.0	0.0	0.0	0.0	0.0	84.0	0.0	10.0	0.0
d9f52f30843122714d61ee36279ef1af	36.0	0.0	0.0	0.0	0.0	0.0	0.0	0.0	147.0	0.0	0.0	0.0
9ba0fd0b6797ef13c50ab960842b8817	0.0	0.0	0.0	0.0	0.0	0.0	0.0	0.0	90.0	0.0	0.0	0.0
2fa981c582556c760c9208abc5cee758	0.0	0.0	0.0	323.0	0.0	11.0	0.0	26.0	2789.0	0.0	41.0	0.0
bbf712ba62cc44061dd6f716df113fc1	0.0	0.0	0.0	0.0	81.0	0.0	0.0	0.0	0.0	0.0	0.0	0.0
531d7824ca04a3bcb08155c7b6967f4b	0.0	10.0	0.0	0.0	0.0	0.0	0.0	0.0	0.0	0.0	0.0	0.0
2ba5fbf0fb59187656bfd0d66410044e	0.0	0.0	0.0	239.0	175.0	0.0	12.0	0.0	0.0	0.0	0.0	0.0
7860ee70a4504f16da654504072c1082	0.0	49.0	0.0	0.0	21.0	0.0	0.0	0.0	0.0	0.0	0.0	0.0
2aac5ec7fdb772eb1822c2ed4826dc5c	0.0	0.0	0.0	0.0	0.0	0.0	0.0	0.0	0.0	0.0	0.0	10.0
f7c3817149fe24b71308bffed7b40ef6	36.0	0.0	0.0	0.0	0.0	0.0	0.0	0.0	0.0	0.0	0.0	0.0
2c1f6c4d6769377f8ebe7064cb851dd1	62.0	0.0	0.0	0.0	0.0	0.0	0.0	0.0	0.0	0.0	0.0	0.0
a43e51259d5d4faee56d7c3edc8736fa	0.0	0.0	0.0	72.0	0.0	0.0	0.0	0.0	0.0	0.0	0.0	0.0
180d54edfa30f7d1f018188543a79d6b	283.0	0.0	0.0	659.0	0.0	46.0	43.0	0.0	1001.0	1428.0	288.0	0.0
c38452cd09276355561131d3ffe4a92c	0.0	0.0	0.0	0.0	21.0	0.0	0.0	0.0	0.0	0.0	0.0	0.0
14d089fa6a299e2ce8d8edf7451c099d	0.0	0.0	0.0	0.0	0.0	4.0	0.0	0.0	0.0	0.0	0.0	0.0
51484a8c106cc0e35b5a54675f3016a7	0.0	0.0	0.0	0.0	21.0	0.0	0.0	0.0	0.0	0.0	0.0	0.0
ce3cdae656f5baede85665bde5b258c5	0.0	0.0	0.0	0.0	0.0	0.0	0.0	0.0	5.0	0.0	0.0	0.0
aaa39f63fbf3f1114457cfb0bc166c28	36.0	0.0	0.0	0.0	0.0	0.0	0.0	0.0	0.0	0.0	0.0	0.0
8c0549c1da748e71c96c3994b805f083	0.0	0.0	0.0	0.0	0.0	0.0	0.0	0.0	7.0	0.0	0.0	0.0
e5333206542bbe4f8cb172cdb3112337	74.0	0.0	0.0	0.0	0.0	0.0	0.0	0.0	0.0	0.0	0.0	0.0
16a363653cafe7ad6f82ecaf3ebf5434	63.0	0.0	0.0	0.0	0.0	0.0	0.0	0.0	0.0	0.0	0.0	0.0
967f853ec70e62f8b286649db19dea42	0.0	0.0	30.0	0.0	193.0	0.0	0.0	32.0	0.0	0.0	0.0	0.0
5940ecce177716d150e46e8dd6a59a85	0.0	0.0	0.0	0.0	55.0	0.0	0.0	0.0	0.0	0.0	0.0	0.0
4c1f2a5775570afabb4366dd179900ca	0.0	0.0	0.0	0.0	3.0	0.0	0.0	0.0	0.0	0.0	0.0	0.0
dc5f5ce3a0f8b6931f06ba2318346b61	0.0	0.0	0.0	0.0	0.0	0.0	0.0	0.0	2.0	0.0	0.0	0.0
8e3d73e1d0f0b7bfbde1b023d8030581	0.0	0.0	0.0	0.0	0.0	0.0	0.0	0.0	0.0	13.0	0.0	0.0
5384d7bd45449700b83c41c56e5817b8	0.0	0.0	0.0	11.0	0.0	0.0	0.0	0.0	0.0	0.0	0.0	0.0
7ea07797c995b6ff1a5605dca5d76660	5.0	0.0	0.0	0.0	0.0	0.0	0.0	0.0	0.0	0.0	0.0	0.0
e4a0659b35a3aa6e8698b9e59cfb80c2	28.0	0.0	0.0	0.0	0.0	0.0	0.0	0.0	0.0	0.0	0.0	0.0
dc87fc13ff020a1bc004bac975c0cd20	0.0	0.0	0.0	16.0	0.0	0.0	0.0	0.0	0.0	0.0	0.0	0.0
4655b6ded313c0367c7585100368cb94	0.0	0.0	0.0	0.0	29.0	0.0	0.0	0.0	0.0	0.0	0.0	0.0
e5aa7e5b3353bf74c1a688a1528d09b3	0.0	10.0	0.0	0.0	0.0	0.0	0.0	0.0	0.0	0.0	0.0	0.0
031bf75b0f10b07ec42e4792e244702f	0.0	0.0	0.0	0.0	13.0	0.0	0.0	0.0	0.0	0.0	0.0	0.0
6785c65751bd714a09f6e1a89bebefbc	56.0	0.0	0.0	0.0	0.0	0.0	0.0	0.0	0.0	0.0	0.0	0.0
51bb67b5de603f514487121ef5cf080e	0.0	0.0	0.0	0.0	22.0	0.0	0.0	0.0	0.0	0.0	0.0	0.0
9fc665eeb83d14a4fafde18a2fcc3c72	0.0	0.0	0.0	0.0	82.0	0.0	0.0	0.0	0.0	0.0	0.0	0.0
d71575f8cfe0a2a0278b34a06c8a8ad4	0.0	0.0	0.0	0.0	5.0	0.0	0.0	0.0	0.0	0.0	0.0	0.0
edfd048f9b750e27d0dd1e682abcf431	103.0	0.0	0.0	0.0	0.0	0.0	0.0	0.0	0.0	0.0	0.0	0.0
a74c63e5cef4e287a0c970bf56e11e83	113.0	0.0	0.0	30.0	0.0	0.0	0.0	0.0	0.0	0.0	0.0	0.0
be4f06612c3eb9474675f349683d45a2	0.0	0.0	0.0	0.0	0.0	0.0	0.0	5.0	0.0	0.0	0.0	0.0
1a08926ab0cc161da1fe3d120c74248b	0.0	4.0	0.0	0.0	0.0	0.0	0.0	0.0	0.0	0.0	0.0	0.0
31124658db87d801055038548c28e12f	4.0	0.0	0.0	0.0	0.0	0.0	0.0	0.0	0.0	0.0	0.0	0.0
9dcb7038a01b2e099ea825aba7fb5661	0.0	0.0	0.0	0.0	0.0	0.0	6.0	0.0	0.0	0.0	0.0	0.0
312953b77c4f20feca845841d74ec248	0.0	3.0	0.0	0.0	0.0	0.0	0.0	0.0	0.0	0.0	0.0	0.0
1d8b2faa79245709b9b196873311ba8a	0.0	4.0	0.0	0.0	0.0	0.0	0.0	0.0	0.0	0.0	0.0	0.0
1407cfca9df1352216095ffed48dde19	0.0	0.0	0.0	0.0	0.0	0.0	0.0	0.0	0.0	3.0	0.0	0.0
385be0fa1b5cb6347e80d9ca5316aeec	33.0	0.0	0.0	0.0	0.0	0.0	0.0	0.0	0.0	0.0	0.0	0.0
4638fae12de27b57353b6aac35a64ee5	4.0	0.0	0.0	0.0	0.0	0.0	0.0	0.0	0.0	0.0	0.0	0.0
25a9aaab75e3af7b398d1972daa11b49	0.0	3.0	0.0	0.0	0.0	0.0	0.0	0.0	0.0	0.0	0.0	0.0
9839df32c6251bea1a8af03cd6108617	0.0	0.0	0.0	0.0	0.0	0.0	3.0	0.0	0.0	0.0	0.0	0.0
74cef77ffbdea2ba15d23a7c0f398dd0	0.0	0.0	0.0	0.0	0.0	0.0	21.0	0.0	0.0	0.0	0.0	0.0
0fb14843e73fe86943fd68cca2e2e604	0.0	0.0	0.0	0.0	0.0	0.0	0.0	0.0	3.0	0.0	0.0	0.0
2a44d30c22d522e8fa7ae16e1eca3547	0.0	0.0	0.0	0.0	14.0	0.0	0.0	0.0	0.0	0.0	0.0	0.0
ce221ceca5cc1b984b0744d73bfb8a8b	0.0	0.0	0.0	0.0	25.0	0.0	0.0	0.0	0.0	0.0	0.0	0.0
71853aed12c8ae49cf2a2e0c86170244	0.0	0.0	0.0	0.0	0.0	0.0	0.0	0.0	7.0	0.0	0.0	0.0
8d37dd2f8bc60e15bddca63114efe2a5	45.0	0.0	0.0	0.0	23.0	0.0	0.0	0.0	0.0	0.0	0.0	0.0
6754e4b6e605f62d7ce45c88276ae9ba	0.0	6.0	0.0	0.0	0.0	0.0	0.0	0.0	0.0	0.0	0.0	0.0
17abb7a31940091f6e7de4439d8de471	0.0	0.0	0.0	0.0	0.0	11.0	0.0	0.0	0.0	0.0	0.0	0.0
7d7c4a296908cfcdcc1de9776830aae3	0.0	0.0	0.0	0.0	0.0	0.0	14.0	0.0	0.0	0.0	0.0	0.0
230c33ee233414370f285bc83316508f	0.0	0.0	0.0	0.0	0.0	0.0	0.0	0.0	0.0	0.0	0.0	2.0
813ffb0ceab1d9740502e992e4074c0b	0.0	0.0	0.0	23.0	0.0	0.0	0.0	0.0	0.0	0.0	0.0	0.0
48f401f38d66027f306f938a6c9a6681	0.0	0.0	0.0	0.0	15.0	0.0	0.0	0.0	0.0	0.0	0.0	0.0
18965e897020a3f6d249b866b50cd599	0.0	0.0	0.0	0.0	0.0	0.0	0.0	0.0	4.0	0.0	0.0	0.0
ec1b0e6b4ac902726a921ed9951eeaec	0.0	0.0	0.0	0.0	0.0	0.0	0.0	0.0	11.0	0.0	0.0	0.0
d399279ba99ca307d666ad8edea87426	0.0	0.0	0.0	0.0	0.0	0.0	0.0	0.0	0.0	28.0	0.0	0.0
216de3b8eeeb46ba2d03758bd361f193	54.0	0.0	0.0	0.0	0.0	0.0	0.0	0.0	0.0	0.0	0.0	0.0
79d81ba4afb0587d7dcb3c1a66f55f59	0.0	0.0	0.0	9.0	0.0	0.0	0.0	0.0	0.0	0.0	0.0	0.0
5a433d17fd00ac61e667290733a0efcc	0.0	0.0	0.0	3.0	0.0	0.0	0.0	0.0	0.0	0.0	0.0	0.0
3037000ce634f68732d73fd71c1c5429	0.0	0.0	17.0	0.0	1053.0	826.0	0.0	0.0	0.0	584.0	0.0	0.0
41dcc15b209527f2c6bb508f9db9b9e9	0.0	0.0	0.0	0.0	0.0	0.0	0.0	0.0	0.0	0.0	5.0	0.0
7564a200948a8fe208c1b9ab0cc1d26a	0.0	0.0	0.0	0.0	109.0	0.0	0.0	0.0	0.0	0.0	0.0	0.0
7379e06338f96b3326a73f2f9118654e	0.0	0.0	0.0	0.0	326.0	0.0	0.0	0.0	0.0	0.0	0.0	0.0
e6abc32050d141f06a4a7badeb65db12	0.0	0.0	0.0	0.0	551.0	0.0	0.0	0.0	0.0	0.0	0.0	0.0
c2921acb6b67f8b537a837d72b325db6	0.0	0.0	0.0	0.0	0.0	0.0	0.0	0.0	0.0	185.0	0.0	0.0
674a387bcb6215b6bd9805adc7feee88	0.0	0.0	0.0	0.0	627.0	0.0	0.0	0.0	0.0	0.0	0.0	0.0
34af85e3a3858d1c2a9141fe5df305e6	66.0	0.0	45.0	0.0	19348.0	350.0	361.0	83.0	0.0	6203.0	0.0	0.0
52d3cd38c19c89093c290ca9390fc118	50.0	0.0	0.0	5.0	0.0	0.0	0.0	0.0	42.0	0.0	0.0	0.0
1d33a340bc0500cd0ceefad6b2425ca8	0.0	0.0	0.0	0.0	7340.0	0.0	0.0	0.0	0.0	0.0	0.0	0.0
43889ef6117fa95d3753ad39b97e452c	0.0	0.0	0.0	0.0	88.0	0.0	0.0	0.0	0.0	0.0	0.0	0.0
85dead7e0a41f2f6af3b185b07aaa6db	0.0	0.0	0.0	0.0	510.0	0.0	0.0	0.0	0.0	0.0	0.0	0.0
57c0624e881d4ba192cfb48a9cc04918	0.0	0.0	0.0	0.0	0.0	0.0	0.0	0.0	0.0	158.0	0.0	0.0
ae5c9aab49f260eac7f5afc32344a978	0.0	0.0	0.0	0.0	0.0	0.0	0.0	0.0	0.0	1730.0	29.0	0.0
0f2879773934da10feb742cd712eabeb	26.0	0.0	0.0	0.0	0.0	0.0	0.0	0.0	0.0	0.0	0.0	0.0
e70a52256b89db923b2d1c4f88358ca9	0.0	0.0	0.0	0.0	0.0	0.0	116.0	0.0	0.0	0.0	0.0	0.0
2782cf8dc6bf66e9d929304ee1564a6d	0.0	0.0	0.0	0.0	0.0	0.0	0.0	0.0	0.0	0.0	0.0	3.0
155efec22b42baa7d902cf996d44c00d	0.0	21.0	0.0	0.0	0.0	0.0	0.0	0.0	0.0	0.0	0.0	0.0
2f9d5299c5b1bb55c1f07340ed1bfad5	0.0	0.0	0.0	0.0	0.0	27.0	0.0	0.0	0.0	0.0	0.0	0.0
58c663d1b9d4225df1e08c0c9181a4bd	0.0	0.0	0.0	0.0	0.0	0.0	0.0	0.0	0.0	19.0	0.0	0.0
f7e4102685d347e1b75ab9019f724d02	0.0	0.0	0.0	0.0	0.0	32.0	0.0	0.0	0.0	0.0	0.0	95.0
48c24f487560e10b268392c0a3c800d2	0.0	0.0	0.0	0.0	0.0	0.0	0.0	0.0	6.0	0.0	0.0	0.0
954d193ad66868a2d20abf93cb2091a9	0.0	0.0	0.0	50.0	0.0	29.0	0.0	0.0	0.0	0.0	0.0	0.0
8e6f5723e37ed2853e74ebd3d65a6b07	0.0	0.0	0.0	0.0	0.0	0.0	0.0	0.0	0.0	7.0	0.0	0.0
6c557817ab0ce9143b760259cda5c9df	0.0	0.0	0.0	53.0	0.0	0.0	0.0	0.0	0.0	0.0	0.0	0.0
5fbd06ed9959ed9a2d5f0cbe8257811c	0.0	0.0	0.0	0.0	0.0	0.0	0.0	0.0	0.0	1241.0	0.0	0.0
fa3ced312aa2db2c469b11862ab4b6aa	0.0	40.0	0.0	58.0	284.0	6.0	0.0	0.0	0.0	2212.0	60.0	0.0
03b461c8a87c202410f278ddafc5eb6c	0.0	0.0	0.0	0.0	0.0	140.0	0.0	0.0	0.0	0.0	0.0	0.0
5aa515b9a14f9feb4b2868089f89781d	0.0	0.0	0.0	0.0	0.0	10.0	0.0	4.0	0.0	14.0	0.0	0.0
2b666de8218334e0b701911ab92a9e06	0.0	0.0	0.0	0.0	0.0	0.0	0.0	0.0	0.0	64.0	0.0	0.0
961c995f03c8b6bfad211d7f6ee3f72d	0.0	0.0	0.0	0.0	214.0	0.0	0.0	0.0	0.0	0.0	0.0	0.0
53b3d8f4a8fddb7acf8de1c071315495	0.0	0.0	0.0	0.0	203.0	0.0	0.0	0.0	0.0	0.0	0.0	0.0
cd61ab7b26576a5a756d37d05b41db5d	0.0	0.0	0.0	0.0	6863.0	0.0	0.0	0.0	0.0	0.0	0.0	0.0
522d7633e6b1aa446d0de47d84db1450	0.0	0.0	0.0	0.0	2381.0	0.0	0.0	0.0	158.0	2338.0	0.0	511.0
b710d9585035ae609e8bbe43d97b2a5f	0.0	0.0	0.0	0.0	191.0	0.0	0.0	0.0	0.0	0.0	0.0	0.0
9fef450c37ff12f9d5450820d92c1178	0.0	0.0	0.0	0.0	0.0	0.0	0.0	0.0	0.0	0.0	7.0	0.0
789a9f0978db03f49368c96f3ce18562	0.0	0.0	0.0	0.0	19.0	110.0	0.0	0.0	88.0	0.0	28.0	0.0
7fa1a527e5e8645bd21652425bf3c3f0	0.0	0.0	0.0	0.0	0.0	0.0	10.0	0.0	0.0	0.0	0.0	0.0
9a73cda12b2f90e06eb9cb81137da1e9	0.0	0.0	0.0	0.0	0.0	103.0	0.0	0.0	0.0	0.0	0.0	29.0
fdd22d4326f2026e47c5fe90f85deec7	0.0	0.0	11.0	0.0	0.0	0.0	0.0	0.0	17.0	0.0	0.0	0.0
fc353e0a80a2be9140029c177cb981a7	0.0	22.0	0.0	0.0	0.0	0.0	0.0	0.0	0.0	0.0	0.0	0.0
ee1e908ff9de1b152875605c5f9db145	0.0	8.0	0.0	0.0	0.0	0.0	0.0	0.0	0.0	0.0	0.0	0.0
ac18d6b48758b08e41765043bcabcb36	0.0	0.0	0.0	0.0	0.0	0.0	0.0	0.0	0.0	0.0	0.0	53.0
d564bf6f02c7f9069e061e0d8c347c57	0.0	0.0	0.0	0.0	0.0	0.0	21.0	0.0	0.0	0.0	0.0	0.0
d54b3aa400bac30b0e4134debef03594	17.0	0.0	103.0	0.0	647.0	740.0	0.0	16.0	119.0	787.0	0.0	1733.0
76ac5c562e3cac0393ee9d2b40ba63de	0.0	23.0	0.0	0.0	0.0	0.0	0.0	0.0	0.0	0.0	0.0	0.0
02a988d545cb01b4ad6cc7a4a954ec7d	0.0	0.0	0.0	0.0	0.0	0.0	0.0	0.0	11.0	0.0	0.0	0.0
32c141eab58b8d15b4ae2a9e93320c98	0.0	0.0	0.0	0.0	0.0	35.0	0.0	0.0	0.0	0.0	0.0	0.0
32b3809480229ce6aa910983728eadb8	0.0	0.0	0.0	0.0	0.0	9.0	0.0	0.0	0.0	0.0	0.0	0.0
826297faad80103941f26034262eaffe	0.0	0.0	0.0	0.0	73.0	0.0	0.0	0.0	0.0	0.0	0.0	0.0
e9df9e286151682eafd1effcb8e703b5	0.0	0.0	0.0	0.0	3319.0	0.0	0.0	0.0	0.0	0.0	0.0	0.0
b227fb21be6ddcd8f5df85b42f5a310d	0.0	0.0	0.0	0.0	117.0	0.0	0.0	0.0	0.0	0.0	0.0	0.0
738db2b9ded283d828e9975ae7e80258	0.0	0.0	0.0	0.0	104.0	0.0	0.0	0.0	0.0	0.0	0.0	0.0
3834a5bcc22d6062e4d1bee5978fc689	0.0	0.0	0.0	0.0	0.0	0.0	0.0	16.0	0.0	16.0	0.0	0.0
4080f6eaf4d2d07624fb244181d94347	0.0	0.0	0.0	0.0	0.0	99.0	0.0	0.0	0.0	0.0	0.0	74.0
ccf6649ae206b3561265eade550a068f	16.0	0.0	0.0	0.0	0.0	0.0	0.0	0.0	0.0	0.0	0.0	0.0
8e28aef2f38a35f26debca39a84ad5c0	0.0	0.0	0.0	0.0	0.0	141.0	0.0	0.0	0.0	0.0	0.0	0.0
6c6c5303b2052c29457629dcb46d7633	0.0	4.0	0.0	0.0	0.0	0.0	0.0	0.0	0.0	0.0	0.0	0.0
72b01f63a8d751524087fb37bc8ad81f	0.0	4.0	0.0	0.0	0.0	0.0	0.0	0.0	0.0	0.0	0.0	0.0
9e2291fe751c192970f66c3411f4e7d0	18.0	0.0	0.0	0.0	0.0	0.0	0.0	0.0	0.0	0.0	0.0	0.0
56b2fd317e1572eab82a1963808971c4	0.0	0.0	3.0	0.0	0.0	0.0	20.0	0.0	0.0	0.0	0.0	0.0
5b39871b1270403f2d2e7a68eda6e1c6	0.0	0.0	0.0	0.0	0.0	56.0	0.0	0.0	0.0	0.0	0.0	0.0
36d09ea38b31fd09a6bdfd91d36967f2	0.0	0.0	0.0	0.0	0.0	47.0	0.0	0.0	33.0	0.0	0.0	0.0
23f372207467dc936029d1933369e783	0.0	0.0	0.0	0.0	1622.0	62.0	0.0	0.0	0.0	12.0	0.0	0.0
f090597cec72cf0c0b39637f97425d56	0.0	0.0	0.0	0.0	863.0	0.0	0.0	0.0	0.0	0.0	0.0	0.0
f25bd305dbd9f7d14ad2a7f0d080993e	0.0	0.0	0.0	0.0	408.0	0.0	0.0	0.0	0.0	0.0	0.0	0.0
b6477542d357f015036fc7d154d1b763	0.0	0.0	0.0	12.0	0.0	0.0	0.0	0.0	0.0	0.0	0.0	0.0
af0fa78ea54b273ff4d74c39026dcc00	26.0	0.0	0.0	0.0	0.0	0.0	0.0	0.0	0.0	0.0	0.0	0.0
8e0a53e21691f73862c746882e56775d	0.0	0.0	3.0	0.0	0.0	0.0	0.0	0.0	0.0	0.0	0.0	0.0
e1d2653004b08dc6df677fc75a4198d5	0.0	0.0	0.0	0.0	0.0	0.0	0.0	0.0	594.0	0.0	46.0	0.0
1bad7d6059a09e4cdf7416f754422536	0.0	0.0	0.0	0.0	0.0	0.0	0.0	0.0	249.0	0.0	0.0	0.0
1b0b24b6ebca2e43b2fbb3cc36957f66	0.0	0.0	0.0	0.0	0.0	0.0	0.0	0.0	7.0	0.0	0.0	0.0
a80e2f2e28d7788c352d59bf3f71b047	0.0	0.0	0.0	0.0	2577.0	69.0	0.0	0.0	0.0	0.0	45.0	392.0
6040748898ce1d914c528eb9001c8202	0.0	0.0	0.0	0.0	64.0	0.0	0.0	0.0	0.0	0.0	0.0	0.0
87cd8cd4243e7e78c0f865c2cd4dcc90	0.0	0.0	0.0	0.0	0.0	87.0	0.0	0.0	0.0	0.0	0.0	0.0
6dd213902776d78bcacba19408356d62	0.0	0.0	0.0	0.0	0.0	0.0	0.0	0.0	14.0	0.0	0.0	0.0
f706e2376881f5451bbfdb7839d46248	0.0	0.0	0.0	0.0	0.0	0.0	0.0	0.0	0.0	40.0	0.0	0.0
5bbc625d4e86e616b3c301c6daaf8343	0.0	3.0	0.0	0.0	275.0	8.0	47.0	0.0	0.0	39.0	0.0	0.0
9b4e9c3a832b32f3cc073682c3e549d4	0.0	0.0	0.0	0.0	0.0	0.0	0.0	0.0	0.0	0.0	0.0	14.0
4d5e7dc556901f23b18b0fc9dc5a0dd9	0.0	0.0	0.0	0.0	0.0	0.0	0.0	0.0	0.0	0.0	22.0	0.0
b351e8f2bb94ecf3cf8c095776033f8b	0.0	0.0	0.0	13.0	0.0	5.0	7.0	0.0	0.0	0.0	0.0	0.0
254562921b652fd7afa22ecc1e88c17f	7.0	15.0	0.0	0.0	0.0	0.0	0.0	6.0	0.0	19.0	0.0	0.0
13328db1864f1fbc143c72d23499ec92	0.0	0.0	0.0	14.0	0.0	0.0	0.0	0.0	0.0	0.0	0.0	0.0
268468e47268a184f2fe81628d0afd04	2.0	4.0	0.0	3.0	0.0	0.0	4.0	0.0	0.0	21.0	0.0	0.0
afc0197b4d8dd78c73a955203033d916	0.0	0.0	0.0	0.0	0.0	0.0	0.0	0.0	0.0	6.0	0.0	0.0
17a8c065538ea969c441fb970fa3a05b	9.0	0.0	0.0	0.0	0.0	0.0	0.0	0.0	0.0	0.0	0.0	0.0
7da13713b0520dcfb08f6728c157df75	0.0	0.0	0.0	15.0	0.0	0.0	6.0	0.0	0.0	21.0	0.0	0.0
6ed4afcbfb5a42be2fd2b6f6b1c1a42a	11.0	0.0	0.0	0.0	0.0	0.0	0.0	0.0	0.0	0.0	0.0	0.0
6b57f7604d77fbc9c794325de0f4b512	0.0	0.0	0.0	0.0	0.0	9.0	0.0	0.0	0.0	0.0	0.0	0.0
538ca02c96f5b561af30bca294a1e44a	0.0	3.0	0.0	0.0	0.0	0.0	0.0	0.0	0.0	0.0	0.0	0.0
250587a82a2759ad2019455ca65a58f4	0.0	0.0	0.0	0.0	38.0	0.0	0.0	0.0	0.0	0.0	0.0	0.0
e3019694c3c6e559c0426934ae8492b8	0.0	0.0	0.0	21.0	0.0	0.0	0.0	12.0	0.0	0.0	22.0	0.0
e936e3c135b2377cf81f5b810cdc1034	26.0	0.0	0.0	0.0	0.0	0.0	0.0	0.0	0.0	0.0	0.0	0.0
9bb5dd5172cbb6e2854fbdfd59ac5023	0.0	0.0	0.0	0.0	0.0	0.0	0.0	0.0	28.0	73.0	0.0	0.0
112eba8590a07cdd61a32c8882c0e631	31.0	0.0	0.0	0.0	0.0	0.0	0.0	0.0	0.0	0.0	0.0	0.0
c268ca910adcdfc18c153089b52460e8	0.0	0.0	0.0	9.0	0.0	0.0	0.0	0.0	0.0	0.0	0.0	0.0
8a5d9ed2c0c47e068bf4c9f85dc694da	0.0	0.0	0.0	0.0	0.0	0.0	0.0	0.0	0.0	24.0	0.0	0.0
fd49197f0a62d743402346e103f310b0	0.0	0.0	0.0	0.0	0.0	0.0	0.0	0.0	0.0	0.0	0.0	9.0
0a1aa77ee98359adfaf071a45d953742	87.0	0.0	0.0	0.0	0.0	123.0	0.0	0.0	0.0	0.0	0.0	0.0
e26ee98a212559e2efbd848008458964	0.0	0.0	0.0	0.0	0.0	0.0	0.0	0.0	0.0	42.0	0.0	0.0
b470ef6ab8e44f7a6f1373c3d5ff9550	137.0	47.0	15.0	226.0	107.0	428.0	93.0	30.0	482.0	1624.0	402.0	261.0
6f694d78ff2ea07a510460f7326e0ec3	0.0	0.0	0.0	0.0	75.0	0.0	0.0	0.0	0.0	0.0	0.0	0.0
875e761439d22f1449723e567f784c10	0.0	0.0	0.0	0.0	2244.0	0.0	0.0	0.0	0.0	0.0	0.0	0.0
88fbb38ae015ecc5eace210114336c36	0.0	0.0	0.0	0.0	0.0	26.0	0.0	0.0	0.0	0.0	0.0	0.0
6dd71c6fedab4eeae82a04817724e3f2	20.0	0.0	0.0	0.0	0.0	21.0	9.0	0.0	31.0	142.0	23.0	84.0
42496ddd6cb03eddc55bc7431f4bc29b	0.0	0.0	0.0	0.0	0.0	0.0	0.0	0.0	13.0	0.0	0.0	45.0
ca653d796a51a1826452b14ee66fb1d8	0.0	0.0	0.0	0.0	0.0	0.0	0.0	0.0	0.0	0.0	0.0	3.0
a49183a9da5cf310a520d6fba442b2ef	0.0	0.0	0.0	7.0	0.0	0.0	0.0	0.0	0.0	0.0	0.0	0.0
b63ee0e2e6c06678e41a4b54d35ea890	174.0	0.0	0.0	0.0	0.0	0.0	0.0	0.0	0.0	0.0	0.0	0.0
f41615d8306c54c45450f4111b435677	0.0	7.0	0.0	0.0	0.0	0.0	0.0	0.0	0.0	0.0	0.0	0.0
f34b84b559088fc3f77e3e80bba1b73c	70.0	0.0	0.0	0.0	0.0	0.0	0.0	0.0	0.0	0.0	0.0	0.0
76ed61ecf6fb04c2327066ddf1e9fdc3	34.0	9.0	0.0	0.0	0.0	0.0	0.0	0.0	0.0	0.0	0.0	0.0
13a804ac1f0f4c6abb1b8051f0b3a307	35.0	0.0	0.0	0.0	0.0	0.0	0.0	0.0	0.0	0.0	0.0	0.0
872f881765e0c883797df6bba671fb18	0.0	0.0	0.0	0.0	0.0	10.0	0.0	0.0	0.0	0.0	0.0	0.0
7d9b4da1effea9c6bfe13f941b0087bb	0.0	0.0	0.0	0.0	0.0	0.0	0.0	0.0	0.0	12.0	0.0	0.0
2d68ab0872c112bd1fc4671f288610da	51.0	0.0	0.0	0.0	17.0	24.0	35.0	0.0	0.0	50.0	21.0	8.0
9cd343d5139b5dd405e6d3d08ae36594	0.0	0.0	0.0	0.0	119.0	0.0	0.0	0.0	0.0	0.0	0.0	0.0
83fb048c94fda41891175a6868891dd9	0.0	0.0	0.0	0.0	1413.0	19.0	0.0	2.0	0.0	133.0	0.0	0.0
c26bd134eaa66bf0d4f1f76ee29dd6e7	0.0	0.0	0.0	0.0	0.0	0.0	0.0	0.0	0.0	16.0	0.0	0.0
f074aa952b41a65dcfdd3c9869bfdfdc	116.0	0.0	0.0	0.0	0.0	0.0	0.0	0.0	0.0	0.0	0.0	0.0
6e370eba37bf21d3cbb2b175ce8936b9	10.0	0.0	0.0	0.0	0.0	0.0	0.0	0.0	0.0	0.0	0.0	0.0
7b7199ad348eedfdcb3907f3812fcd97	0.0	0.0	0.0	0.0	0.0	52.0	0.0	0.0	0.0	0.0	0.0	0.0
5bcae9e33f43a598de38068a3dbf7578	0.0	0.0	0.0	0.0	0.0	0.0	0.0	66.0	0.0	0.0	14.0	0.0
aa35a99193aa772731ee43ead129ccd5	0.0	0.0	0.0	0.0	0.0	0.0	19.0	0.0	0.0	0.0	0.0	0.0
137caf7086cba56bb57554b8f9a81ba3	0.0	0.0	0.0	0.0	29.0	0.0	0.0	0.0	0.0	0.0	0.0	0.0
b82e1a28e30639b560fec8847600f36f	0.0	0.0	0.0	0.0	0.0	9.0	0.0	0.0	0.0	0.0	0.0	0.0
b9e29cce857691536c3d296fb79f643c	0.0	0.0	0.0	0.0	26.0	0.0	0.0	0.0	0.0	0.0	0.0	0.0
e655c092c67ead4e86965eaceb9822d5	0.0	0.0	0.0	0.0	0.0	0.0	0.0	0.0	0.0	23.0	0.0	0.0
c5610db0bb88fcf78b8625542e407809	0.0	0.0	0.0	0.0	0.0	0.0	0.0	0.0	17.0	0.0	0.0	0.0
45338c7b3cb7bf356343756dc7af5691	0.0	0.0	0.0	19.0	0.0	0.0	0.0	0.0	0.0	0.0	0.0	0.0
d377460af4453bdee007397e6ba1cf81	0.0	0.0	0.0	0.0	76.0	0.0	0.0	0.0	0.0	0.0	0.0	0.0
8ca3c7b656acd2d010e30cee34963da5	6216.0	1174.0	87693.0	106.0	302.0	0.0	0.0	0.0	0.0	38.0	0.0	0.0
984bb1b78704cc89f397d4a37ed95c84	230.0	0.0	3149.0	0.0	169.0	0.0	0.0	0.0	0.0	0.0	0.0	0.0
a2886d0b0a234b5a763a7c59c8643e37	0.0	0.0	141.0	0.0	0.0	0.0	0.0	0.0	0.0	0.0	0.0	0.0
ec02422a241cad1b713c1c379e6ddf81	0.0	0.0	156.0	0.0	0.0	0.0	0.0	0.0	0.0	0.0	0.0	0.0
a579216d3cf5d0fbf3594ec590e42277	0.0	0.0	146.0	0.0	0.0	0.0	0.0	0.0	0.0	0.0	0.0	0.0
2ebe1385b27e845e1435b85caf7eb769	7721.0	1693.0	122076.0	967.0	7772.0	1599.0	737.0	12.0	19.0	179.0	0.0	5.0
f2ae9e1c6817e5bfa314657f1bbd87b5	0.0	0.0	168.0	0.0	0.0	0.0	0.0	0.0	0.0	0.0	0.0	0.0
d4450db636f20755fe58a7e3802c48c8	0.0	0.0	0.0	103.0	0.0	0.0	0.0	0.0	0.0	0.0	0.0	0.0
ab7feb30542fbc4925725feb67327b99	0.0	0.0	0.0	0.0	58.0	0.0	0.0	0.0	0.0	0.0	0.0	0.0
b3b1988885c0ac21a064d026c170078f	273.0	0.0	3341.0	0.0	222.0	0.0	0.0	0.0	0.0	0.0	0.0	0.0
3f9eeb0ba080595d64a295e98ebbaab9	0.0	0.0	2704.0	0.0	0.0	0.0	0.0	0.0	0.0	0.0	0.0	0.0
085dcc4ff5b23f2334dca259c813de2f	0.0	0.0	0.0	0.0	0.0	0.0	0.0	0.0	0.0	0.0	5.0	0.0
1ca9cbdb0e44bdb6f9cc7c6a6fa201e7	0.0	0.0	294.0	0.0	0.0	0.0	0.0	0.0	0.0	0.0	0.0	0.0
5ae2d841e10a7a05d3d8e1725285156e	3.0	0.0	0.0	0.0	0.0	0.0	0.0	0.0	0.0	0.0	0.0	0.0
8b6ddf802016c73c514e39242cdef5a3	0.0	0.0	0.0	0.0	61.0	0.0	0.0	0.0	0.0	0.0	0.0	0.0
2c586d4b9ba0e66ac781b73483343cb8	0.0	0.0	5.0	0.0	0.0	0.0	0.0	0.0	0.0	0.0	0.0	0.0
97995aa299778c903ffdaacae180ada6	0.0	0.0	0.0	0.0	0.0	0.0	0.0	10.0	0.0	0.0	0.0	0.0
9d252160b1f0b63bef71f01d83019a9d	0.0	0.0	0.0	0.0	0.0	0.0	0.0	0.0	0.0	0.0	66.0	0.0
57d2feaeddd9f4cd729ce892136627d2	0.0	18.0	0.0	0.0	0.0	0.0	0.0	0.0	0.0	0.0	0.0	0.0
20c557783e303819ae49aabca5a38216	14.0	0.0	0.0	0.0	0.0	0.0	0.0	0.0	0.0	0.0	0.0	0.0
88b2432b667c8b013dd96db0f26a56bd	89.0	0.0	0.0	0.0	0.0	0.0	0.0	0.0	0.0	0.0	3.0	0.0
2457c2989237379ba1203138844331d3	0.0	0.0	0.0	18.0	0.0	0.0	0.0	0.0	0.0	0.0	0.0	0.0
bc800d47c4c858254c4111c04805ed75	0.0	0.0	0.0	0.0	0.0	0.0	0.0	0.0	0.0	2.0	0.0	0.0
e2f39c54183111a16d79c643066a6922	0.0	0.0	0.0	0.0	0.0	0.0	0.0	0.0	402.0	0.0	0.0	0.0
1387607f1d06af4fc8a6e07a95f76a09	0.0	0.0	0.0	0.0	99.0	0.0	0.0	0.0	8713.0	44.0	0.0	0.0
d2ba76fd2316bbc5a3f547afeb75d639	0.0	0.0	8.0	0.0	0.0	0.0	0.0	0.0	0.0	0.0	0.0	0.0
e0f0a7353399aaf2bb21e0f2e44c78fd	119.0	0.0	0.0	0.0	0.0	0.0	0.0	0.0	0.0	0.0	0.0	0.0
22d548672c9d61cdbf41aca4829b3fe3	0.0	0.0	0.0	0.0	0.0	16.0	0.0	0.0	0.0	0.0	0.0	0.0
e9d0dacc72d43a8a2122138b7ccd2269	0.0	0.0	0.0	0.0	165.0	0.0	0.0	0.0	730.0	27.0	42.0	0.0
e0691e9b91843996c625cb5eeed1c7f7	0.0	0.0	0.0	0.0	0.0	0.0	0.0	82.0	0.0	0.0	0.0	0.0
8d7a3917f43c59be6ac0650af225c778	0.0	0.0	0.0	0.0	0.0	0.0	0.0	60.0	0.0	0.0	29.0	0.0
3338cb9477fee37f33785409c50bd6f2	0.0	0.0	0.0	0.0	0.0	1522.0	0.0	0.0	0.0	0.0	0.0	0.0
f18ef746363458cc565d2c66ad6262e3	0.0	0.0	0.0	0.0	0.0	0.0	0.0	0.0	0.0	11.0	0.0	0.0
114fd2194d2674e6222c71d84e28fe45	0.0	0.0	0.0	0.0	0.0	1788.0	0.0	39.0	0.0	0.0	0.0	0.0
50bf16aa3c6906e839816041a1257cd5	0.0	0.0	0.0	0.0	0.0	0.0	0.0	0.0	0.0	0.0	0.0	10.0
2c34304c460ed42b869c92b1972d7a8d	0.0	0.0	0.0	0.0	0.0	108.0	0.0	0.0	0.0	0.0	0.0	0.0
272e73cd719918ecbfd93ed8a41b83f0	0.0	0.0	0.0	0.0	0.0	0.0	0.0	205.0	0.0	0.0	0.0	0.0
08e9b28c6e3ec07d29dd5649c24166e2	229.0	0.0	0.0	0.0	0.0	0.0	0.0	0.0	0.0	0.0	143.0	0.0
66ac6aa94485c32dc4dc2d52e0206ad1	0.0	0.0	0.0	0.0	0.0	0.0	17.0	0.0	1703.0	0.0	0.0	0.0
41234888d80e7ac1bf659d55445154d7	0.0	0.0	0.0	0.0	0.0	0.0	0.0	98.0	0.0	0.0	0.0	0.0
99ca5a61c64e3bf6497a0f296c491ab5	0.0	0.0	0.0	53.0	0.0	0.0	0.0	0.0	0.0	0.0	0.0	0.0
b4af00247ee8248d94174f03f40fe39f	0.0	0.0	0.0	0.0	64.0	0.0	0.0	0.0	0.0	0.0	0.0	0.0
d594ab514e65a161972aa549fab9c932	187.0	0.0	0.0	21.0	0.0	0.0	0.0	662.0	0.0	0.0	239.0	0.0
847fba4e9f22e8ecda1c181b4163f713	246.0	0.0	0.0	0.0	0.0	0.0	0.0	0.0	0.0	0.0	0.0	0.0
07a9d4c85c496668b95fef85df4899db	0.0	0.0	0.0	0.0	0.0	0.0	0.0	0.0	0.0	0.0	228.0	0.0
1612ecb4b2f72377a0b660e15e2ba066	0.0	0.0	0.0	0.0	56.0	0.0	0.0	0.0	0.0	0.0	0.0	0.0
e8081936b798fed4982f87a5b07c7338	0.0	0.0	0.0	0.0	0.0	0.0	0.0	0.0	0.0	28.0	0.0	0.0
d7286a0000f47440e1e5bfa62b2aa937	0.0	0.0	0.0	0.0	0.0	0.0	0.0	255.0	0.0	0.0	40.0	0.0
3753c38f5673b7cb6c42c85da140f4bf	0.0	0.0	0.0	0.0	0.0	232.0	0.0	306.0	223.0	0.0	178.0	0.0
19d0ffcd747f961858d5fa7a91a734a4	717.0	0.0	0.0	21.0	0.0	0.0	0.0	0.0	0.0	0.0	0.0	0.0
dc944e8e6a325f448187c2fc036adaf4	0.0	0.0	0.0	0.0	0.0	0.0	8.0	0.0	0.0	0.0	0.0	0.0
522f970b087b4427ab7c1394b577e2db	0.0	0.0	0.0	0.0	0.0	0.0	0.0	272.0	0.0	0.0	0.0	0.0
632f66e917cd6b5d6faff245180e68d0	0.0	0.0	0.0	0.0	0.0	162.0	0.0	398.0	104.0	0.0	104.0	0.0
fdb69e9444ea7cb055aa3bcb09754b1b	154.0	0.0	0.0	0.0	0.0	0.0	0.0	0.0	0.0	0.0	0.0	0.0
54fc3959041b42fda9a240e8b690c415	1699.0	0.0	0.0	64.0	125.0	821.0	35.0	46.0	87.0	0.0	75.0	37.0
7dad0597b83546b13902d7f598b77faa	153.0	0.0	0.0	0.0	0.0	0.0	0.0	0.0	0.0	0.0	0.0	0.0
ac8cbbe6bffbcc67fb83d6ac13c9674b	0.0	0.0	0.0	0.0	0.0	5.0	0.0	0.0	0.0	0.0	0.0	0.0
9b92710af5e216d4e6a714c3f86ab19b	0.0	0.0	0.0	0.0	0.0	0.0	0.0	0.0	8.0	0.0	0.0	0.0
a02e453842d4013e86062a3cd6800512	0.0	0.0	0.0	0.0	0.0	0.0	0.0	0.0	0.0	37.0	0.0	0.0
0e7454f623b1f37e5df3756160a22b86	448.0	147.0	15.0	328.0	2930.0	184.0	46.0	40.0	35.0	268.0	0.0	121.0
5be8df6e3c3a562f508be8ef0fd9e571	0.0	0.0	0.0	0.0	0.0	11.0	0.0	0.0	0.0	0.0	0.0	0.0
40a50d1a5a67a55c64bdd4d41cc16b1b	0.0	0.0	0.0	7.0	123.0	11.0	0.0	0.0	0.0	0.0	0.0	0.0
9a3fc025a8bf56c6ec5a08d0454bf5b0	0.0	6.0	0.0	0.0	0.0	0.0	0.0	0.0	9.0	0.0	0.0	0.0
5881742280efd72989565e2e5e2ebcdb	0.0	0.0	0.0	12.0	0.0	0.0	0.0	0.0	0.0	0.0	0.0	0.0
8cbc899d1d2a5a2d1643c2a4f0dcca8b	0.0	0.0	0.0	0.0	0.0	0.0	0.0	0.0	50.0	0.0	0.0	0.0
e7d192d579078101bc938bcd52d6e4f2	0.0	0.0	0.0	0.0	0.0	0.0	0.0	0.0	78.0	0.0	0.0	0.0
74c1b7f07972b04e7ca86f62985ede9e	61.0	0.0	0.0	0.0	0.0	219.0	25.0	169.0	1919.0	0.0	8.0	0.0
06236da9bcc5d41c08f307c88d641807	60.0	0.0	0.0	0.0	0.0	0.0	0.0	54.0	0.0	0.0	0.0	0.0
5d9b3469d5c491be6682ceef1bdcd894	0.0	0.0	0.0	16.0	0.0	0.0	0.0	0.0	217.0	0.0	182.0	0.0
5a235502e4654e29789f37ce622ea5bb	0.0	0.0	0.0	0.0	0.0	0.0	0.0	0.0	0.0	0.0	23.0	0.0
b3ddf448eccdb6bf25a5895143372d3f	0.0	0.0	0.0	0.0	0.0	0.0	0.0	84.0	694.0	0.0	0.0	0.0
5af9151fbd5b05f6b9f4349f9775118c	109.0	0.0	0.0	0.0	0.0	0.0	0.0	0.0	0.0	0.0	0.0	0.0
0e1f04347cceda37291dcb4394e88c8c	66.0	0.0	0.0	0.0	0.0	125.0	0.0	202.0	67.0	0.0	1396.0	18.0
a60a9d62a258bea80af6eba954165848	70.0	24.0	0.0	0.0	0.0	0.0	0.0	0.0	0.0	0.0	0.0	0.0
6ef6898cb8ffbd4d66b07359f2fe67c4	128.0	0.0	0.0	18.0	0.0	0.0	37.0	0.0	0.0	0.0	0.0	0.0
4d0c929834d50c987df064e463b491db	0.0	0.0	0.0	0.0	0.0	0.0	0.0	0.0	0.0	16.0	0.0	0.0
30f0925728efd90e0224f754c1bd2a70	50.0	0.0	0.0	0.0	14.0	0.0	0.0	0.0	0.0	0.0	0.0	0.0
68a4d5b656102442a01a9a99b3a2db3b	0.0	0.0	0.0	0.0	0.0	0.0	0.0	217.0	0.0	0.0	0.0	0.0
dbc136d7ce3326fcdeb3057a1f024f3a	0.0	0.0	0.0	0.0	0.0	0.0	0.0	0.0	0.0	0.0	0.0	11.0
ae66ad2e8993ead8a554c9fd351324e8	0.0	0.0	0.0	0.0	0.0	0.0	0.0	0.0	0.0	0.0	15.0	0.0
5da133eb084eab998cdb6a887cc04316	0.0	0.0	0.0	5.0	0.0	0.0	0.0	0.0	16.0	56.0	80.0	24.0
846b32c776948684494902ea479eefa4	0.0	0.0	0.0	0.0	0.0	0.0	0.0	0.0	0.0	73.0	0.0	0.0
7690cdbedfed7fa6beb403c1514e86e3	1475.0	50.0	19.0	168.0	849.0	858.0	179.0	58.0	300.0	2236.0	734.0	187.0
9e98443e79a4fba98c317d796f26f3cc	0.0	0.0	0.0	0.0	44.0	0.0	0.0	0.0	0.0	0.0	0.0	0.0
9e468048da88e60a2dec727d55db50b1	359.0	0.0	0.0	0.0	0.0	0.0	0.0	0.0	0.0	0.0	0.0	0.0
55a51ec8944be6747004bba74950ab68	0.0	0.0	0.0	0.0	0.0	10.0	0.0	0.0	0.0	0.0	0.0	0.0
6590efd262e449a7dc52c681fc1c656f	107.0	0.0	0.0	7.0	0.0	0.0	0.0	0.0	0.0	0.0	0.0	0.0
99a5c32d0291fccda6f12d98a5b4b71f	31.0	0.0	0.0	0.0	0.0	0.0	0.0	0.0	0.0	0.0	0.0	0.0
64faab1de8b8f63d2142868dd6c930bf	34.0	0.0	0.0	0.0	6.0	0.0	0.0	0.0	0.0	0.0	0.0	0.0
bd889f4d421da0ed022a855984f9a9a5	95.0	0.0	0.0	0.0	0.0	0.0	0.0	0.0	0.0	0.0	0.0	0.0
1217e0790d69631b2e185db7c5204c76	13.0	0.0	0.0	0.0	0.0	0.0	0.0	0.0	0.0	0.0	0.0	0.0
59b95148d155424d88e2e3544ec242c5	48.0	0.0	0.0	0.0	790.0	0.0	0.0	0.0	0.0	129.0	32.0	0.0
c19dcbb31bf810484d711d4f204728cf	0.0	27.0	0.0	0.0	90.0	0.0	0.0	10.0	0.0	0.0	13.0	47.0
208a8038e142fd115ee6bbe68242d931	0.0	0.0	0.0	0.0	2760.0	0.0	0.0	0.0	0.0	0.0	0.0	0.0
c9df25cafd039741c23f32079a8ada3a	0.0	7.0	0.0	0.0	0.0	0.0	0.0	0.0	0.0	0.0	0.0	0.0
11c1dd074e7236afff3e976a92ada65c	0.0	4.0	0.0	0.0	0.0	0.0	0.0	0.0	0.0	33.0	0.0	0.0
4e46d9404708a23250edce84e45f6388	0.0	0.0	0.0	0.0	0.0	0.0	0.0	0.0	0.0	0.0	0.0	7.0
aa437252d95f126628fb5b037f571a59	23.0	0.0	0.0	0.0	0.0	0.0	0.0	0.0	0.0	0.0	0.0	0.0
e83341a1ee7e1130fe5704391c980a6d	80.0	0.0	0.0	0.0	0.0	0.0	0.0	0.0	0.0	0.0	0.0	0.0
f16e135633239a897c95c86291d3005f	0.0	0.0	0.0	0.0	0.0	0.0	0.0	0.0	0.0	67.0	8.0	14.0
e4356ded9abb3e94f2878c7e3dee541f	38.0	0.0	0.0	0.0	0.0	0.0	0.0	0.0	0.0	0.0	0.0	0.0
c7397691bb85c59ab3ae32eed4d207b1	0.0	0.0	0.0	9.0	0.0	0.0	0.0	0.0	0.0	0.0	0.0	0.0
2a814a3926a60140895732274c4ad5ce	36.0	0.0	0.0	0.0	0.0	0.0	0.0	0.0	0.0	0.0	0.0	0.0
2662e340e922984f8e72e5262636dcb4	0.0	0.0	0.0	2.0	0.0	0.0	0.0	0.0	0.0	0.0	0.0	0.0
92c42734de46aae813139ca6347a5b52	34.0	0.0	0.0	0.0	0.0	0.0	0.0	0.0	0.0	0.0	0.0	0.0
23a603c01f59cedb21c649d19678acfc	20.0	0.0	0.0	0.0	0.0	0.0	0.0	0.0	0.0	0.0	0.0	0.0
9b3de5a97be0542f30be3d3608277c64	23.0	0.0	0.0	0.0	0.0	0.0	0.0	0.0	0.0	0.0	0.0	0.0
a22c56e3027bdce43a9619298d6bdc9b	40.0	0.0	0.0	0.0	0.0	0.0	0.0	0.0	0.0	0.0	0.0	0.0
5caf4aeafe70be6bdf9349656a71c295	11.0	0.0	0.0	0.0	0.0	0.0	0.0	0.0	0.0	0.0	0.0	0.0
390de8e2cee9543c1c11b71ec46bc8ba	0.0	0.0	0.0	0.0	0.0	0.0	0.0	32.0	0.0	0.0	0.0	0.0
116fc6b869b2305938cd4dc7a2234dff	26.0	0.0	0.0	0.0	0.0	0.0	0.0	0.0	0.0	0.0	0.0	0.0
69c2d477b49c303e6853bb7b45a65862	0.0	0.0	0.0	0.0	81.0	0.0	0.0	0.0	0.0	0.0	23.0	0.0
5918529375a71e459d46e299f9d0b7de	0.0	0.0	0.0	0.0	0.0	44.0	0.0	0.0	0.0	0.0	0.0	0.0
1990efd550149908a91abf7553b24d98	0.0	0.0	0.0	0.0	53.0	0.0	0.0	0.0	0.0	0.0	0.0	0.0
e9860e3f5c516b94b5d75302bee42917	0.0	0.0	0.0	0.0	0.0	81.0	0.0	0.0	0.0	0.0	0.0	0.0
dbdca145e8ca0f386323a8352a7c7f89	0.0	0.0	0.0	0.0	0.0	0.0	0.0	0.0	0.0	44.0	0.0	0.0
0487e239e56b6924e6dc4bc2d30490c8	0.0	45.0	0.0	0.0	0.0	0.0	0.0	5.0	0.0	0.0	0.0	0.0
7f334c5defd5423f0b0ee965b85d172f	0.0	0.0	0.0	0.0	0.0	33.0	0.0	0.0	10.0	0.0	0.0	0.0
b082d89e9fae3cfc0075a016403e2e67	0.0	0.0	0.0	0.0	0.0	0.0	0.0	0.0	10.0	0.0	0.0	0.0
bcbeaef86fde86b8bf0713c507e8041c	0.0	0.0	0.0	13.0	0.0	0.0	0.0	0.0	0.0	0.0	0.0	0.0
ca02519afcd34046e9a52e6640f57062	0.0	0.0	0.0	0.0	915.0	0.0	0.0	0.0	0.0	0.0	0.0	0.0
9697fa80d1d7aa22316abd81401218b6	0.0	0.0	0.0	0.0	17.0	23.0	0.0	0.0	0.0	0.0	0.0	10.0
62afb769901518679a0cf815f9241c3a	0.0	0.0	0.0	0.0	354.0	0.0	0.0	0.0	0.0	0.0	0.0	0.0
a57697098d3b4cd1ca6d4e3e22f9cb8e	0.0	5.0	169.0	0.0	12883.0	0.0	0.0	0.0	0.0	0.0	0.0	0.0
3c9d85fc2bf28eb1cde5779d42fffb0c	0.0	0.0	0.0	0.0	351.0	0.0	0.0	0.0	0.0	0.0	0.0	0.0
79c53bcf9744f10cf5ad285a5ae2c4ad	0.0	0.0	0.0	0.0	1624.0	0.0	0.0	0.0	0.0	0.0	0.0	0.0
170606ae148249faed414cf937e167a6	0.0	0.0	0.0	0.0	50732.0	0.0	0.0	0.0	0.0	0.0	0.0	0.0
5fe9dc63a50c69882b217dfd9f237829	0.0	0.0	0.0	0.0	1468.0	0.0	0.0	0.0	0.0	0.0	0.0	0.0
5d2c439f2e52d01fd2d61eff0affd70d	0.0	0.0	0.0	0.0	166.0	0.0	0.0	0.0	0.0	0.0	0.0	0.0
0410cfe50a725f34d03bc7dfc424f166	0.0	0.0	0.0	0.0	25.0	0.0	0.0	0.0	0.0	0.0	0.0	0.0
6d7d1d1b465c9a65eecf6f7ec3355c7b	0.0	0.0	0.0	0.0	0.0	0.0	0.0	0.0	0.0	33.0	0.0	0.0
5dfa167a7b8262bbc22d91eba0ca1636	0.0	0.0	0.0	0.0	0.0	0.0	0.0	0.0	234.0	0.0	0.0	0.0
11afd232de2636d429b7ba67c466dd9e	0.0	0.0	0.0	0.0	0.0	646.0	0.0	0.0	531.0	0.0	0.0	0.0
c45ef9e7a0d431a80d21e2fb5f2e9e43	0.0	0.0	0.0	0.0	283.0	0.0	0.0	9.0	0.0	0.0	0.0	0.0
2a117e439933fac0790e02f7ce92cba2	0.0	0.0	0.0	0.0	0.0	905.0	0.0	0.0	0.0	0.0	0.0	0.0
c1480e8d9b76db7f409b6f91b7fb4830	0.0	0.0	7.0	0.0	0.0	910.0	0.0	0.0	0.0	218.0	0.0	0.0
74d5bdba70bb2262a23d9d6a82f9b1ae	0.0	0.0	0.0	0.0	0.0	1356.0	0.0	0.0	0.0	22.0	0.0	24.0
1a5e8743b930b29b931754551f9a221b	0.0	0.0	0.0	0.0	31385.0	0.0	0.0	0.0	0.0	0.0	0.0	0.0
33933b365dc162803dee68532040d829	0.0	0.0	0.0	0.0	898.0	0.0	0.0	0.0	0.0	0.0	0.0	0.0
7bc140fed7429d5cc56d5cd21ad9cd46	0.0	0.0	0.0	0.0	874.0	0.0	0.0	0.0	0.0	0.0	0.0	0.0
2b44993c367671fc1218a045aff1a324	0.0	0.0	0.0	0.0	0.0	3.0	0.0	0.0	0.0	0.0	0.0	0.0
ed1fdfa03bf4c5978711ad367fa4132f	0.0	0.0	0.0	0.0	3.0	0.0	0.0	0.0	0.0	0.0	0.0	0.0
f740cf6a86c66ccd97f1dbccf45d7b40	0.0	0.0	0.0	0.0	60.0	0.0	0.0	0.0	0.0	0.0	0.0	0.0
1bbdfeb68c9c409e961a0fa7fd7e0d52	0.0	0.0	0.0	17.0	0.0	0.0	0.0	0.0	0.0	57.0	0.0	0.0
0d10821da18812c58569af526f835473	0.0	0.0	0.0	0.0	117.0	0.0	0.0	0.0	0.0	0.0	0.0	0.0
6f5cf0939dcd3e2be90e4c2090d88364	0.0	0.0	0.0	0.0	0.0	0.0	0.0	0.0	0.0	15.0	0.0	0.0
3b26eaa8f90e613181feb42dff51e706	158.0	0.0	0.0	39.0	552.0	4.0	17.0	0.0	12.0	13.0	0.0	0.0
f417376bc43a0be7596802464da484b3	0.0	6.0	0.0	0.0	0.0	0.0	0.0	0.0	0.0	0.0	0.0	0.0
4f2f463cc665ba3c3f13df334e032e0c	0.0	0.0	0.0	0.0	0.0	0.0	0.0	14.0	0.0	0.0	0.0	0.0
ad23df03bf1fc6d8594481f6e1de1688	0.0	0.0	0.0	0.0	0.0	0.0	0.0	0.0	0.0	11.0	0.0	0.0
e5e1e7f0a5e6040c7ae4ef14a831f5d3	0.0	0.0	0.0	0.0	0.0	0.0	0.0	0.0	0.0	0.0	0.0	24.0
2abea92238dd39223470b80f905dbc68	0.0	0.0	0.0	0.0	0.0	0.0	0.0	0.0	0.0	28.0	0.0	0.0
3522e394e4911a897bc5cf03fdc80a83	0.0	19.0	0.0	0.0	0.0	0.0	0.0	0.0	19.0	0.0	0.0	0.0
f67d8c7b4ec4ac929532f532b38cfbb2	11.0	0.0	0.0	0.0	0.0	0.0	0.0	0.0	0.0	0.0	0.0	0.0
32131727fe43cf094684600e59f34b4f	0.0	0.0	0.0	0.0	44.0	0.0	0.0	0.0	0.0	0.0	0.0	0.0
57090a01fde7f66199ebab131d192e17	109.0	0.0	0.0	0.0	83.0	20.0	0.0	0.0	0.0	0.0	0.0	0.0
530da76f4a0d92e428215a1a850a2c28	133.0	12.0	0.0	64.0	0.0	0.0	29.0	13.0	0.0	0.0	0.0	0.0
5d9bb46600d6d55fa7523d2d47fc86e7	35.0	0.0	0.0	39.0	127.0	0.0	19.0	0.0	0.0	0.0	0.0	0.0
8835d6c2b16328afa6e1a77817995e29	0.0	0.0	0.0	0.0	96.0	0.0	0.0	0.0	0.0	0.0	0.0	0.0
a8355a988436009af923bca34a0b30c2	0.0	0.0	0.0	0.0	48.0	0.0	0.0	0.0	0.0	0.0	0.0	0.0
793a67aa6f6eb3987d06c404084e73a2	0.0	0.0	0.0	0.0	0.0	0.0	0.0	0.0	13.0	0.0	0.0	0.0
88cf7f1572d918fc82b3d58368a59c9a	17.0	0.0	0.0	0.0	0.0	0.0	0.0	0.0	0.0	0.0	0.0	0.0
15179035ff11cca6a0ece0cd176b2166	0.0	24.0	0.0	0.0	0.0	0.0	0.0	0.0	0.0	0.0	0.0	0.0
c855fd817d65d5094032b9b49c44933e	0.0	16.0	0.0	0.0	0.0	0.0	19.0	0.0	0.0	0.0	0.0	0.0
4aa4e6898b7768ed69f9f572d749c0b3	0.0	0.0	0.0	0.0	128.0	0.0	0.0	0.0	0.0	0.0	0.0	0.0
002be03c0b6ed5dc9ebf9a7518bbae29	974.0	137.0	0.0	49.0	1940.0	21.0	175.0	5.0	0.0	103.0	0.0	0.0
cf3a20d2948162e239bf3aff39be8be6	0.0	0.0	0.0	0.0	0.0	0.0	0.0	0.0	0.0	0.0	11.0	0.0
b8f5ecf79a82573a940d86beea37109c	70.0	8.0	0.0	23.0	213.0	0.0	13.0	0.0	0.0	0.0	4.0	0.0
2f778c83f720c90af2dab1124bac60a9	0.0	0.0	0.0	0.0	0.0	0.0	0.0	0.0	0.0	0.0	0.0	3.0
365c77830aa50decab7aa6809db0dced	0.0	12.0	0.0	0.0	0.0	0.0	0.0	0.0	0.0	0.0	0.0	0.0
d8ffb96f1bc05d0c595b037b7f65903e	0.0	2.0	0.0	0.0	0.0	0.0	0.0	0.0	0.0	0.0	0.0	0.0
15c59d84547a8f10912a0fc760e450c1	11.0	0.0	0.0	0.0	0.0	0.0	0.0	12.0	0.0	0.0	0.0	0.0
25a9ae0eb1c4503bc5026a0c4a69bf69	0.0	0.0	0.0	0.0	0.0	0.0	7.0	0.0	0.0	0.0	0.0	0.0
8d9b2013a9a9a2bcba9f75173f48df88	0.0	0.0	0.0	0.0	0.0	0.0	0.0	0.0	12.0	0.0	0.0	0.0
d01050e48bc50167bf671773826ea165	0.0	0.0	0.0	0.0	0.0	0.0	0.0	0.0	0.0	0.0	0.0	9.0
bac3c50ac545d7e4b9775fd7ddba9898	72.0	0.0	0.0	0.0	46.0	0.0	3.0	0.0	0.0	47.0	0.0	0.0
401731dd2c3de298700a9af0f0cfe779	0.0	0.0	0.0	0.0	0.0	0.0	0.0	0.0	0.0	15.0	0.0	0.0
e3cac955c8e0e616192710e75d6d99ca	0.0	0.0	0.0	0.0	0.0	5.0	0.0	0.0	0.0	0.0	0.0	0.0
b1749e738f81d9bc6a1137093ba97444	0.0	0.0	0.0	0.0	0.0	0.0	0.0	0.0	0.0	20.0	0.0	0.0
d5d0594c75c134ff6a0c6f9d21a1e84d	0.0	0.0	0.0	0.0	24.0	0.0	0.0	0.0	0.0	0.0	0.0	0.0
19807fb24967138f7fbdf943490d04f0	0.0	0.0	0.0	0.0	84.0	0.0	0.0	0.0	0.0	0.0	0.0	0.0
763c28dc2cf8e2a290d2950f57762458	0.0	6.0	0.0	0.0	0.0	0.0	0.0	0.0	0.0	0.0	0.0	0.0
547ba33d51fce4829f1fcc9c38239277	38.0	0.0	0.0	0.0	17.0	0.0	0.0	0.0	0.0	0.0	0.0	0.0
8ec1a28e0acf3427a0ed55ec380b5b99	0.0	0.0	0.0	0.0	131.0	0.0	0.0	0.0	0.0	0.0	0.0	0.0
7b01b4abd661d4331a21b81056671d2b	0.0	0.0	0.0	0.0	0.0	0.0	0.0	0.0	0.0	0.0	5.0	0.0
519408f259d955d24bbf8c1a164d41d8	0.0	0.0	0.0	0.0	43.0	0.0	0.0	0.0	0.0	0.0	0.0	0.0
91e8b164265f7f0969278f3cbd8ba066	0.0	0.0	0.0	0.0	0.0	0.0	0.0	0.0	0.0	0.0	0.0	8.0
510a6fc04197e78eb800625f6e7b16fb	0.0	0.0	0.0	0.0	0.0	0.0	0.0	0.0	0.0	13.0	0.0	0.0
60c14c22fe58fe015e9238e770c94799	4.0	0.0	0.0	0.0	0.0	0.0	0.0	0.0	0.0	0.0	0.0	0.0
e589de7597a1ed7ac79a6b1f5d89a6a2	0.0	5.0	0.0	0.0	0.0	0.0	0.0	0.0	0.0	0.0	0.0	0.0
4ca463d510e96870dbfa9f42c4b767ea	0.0	0.0	0.0	0.0	0.0	19.0	0.0	0.0	0.0	0.0	0.0	0.0
c1debb1edf46d800b4f73905e8e6be22	0.0	0.0	0.0	0.0	0.0	0.0	0.0	0.0	5.0	0.0	0.0	0.0
21966314627fa16eda73a717c295c21d	27.0	0.0	0.0	0.0	0.0	0.0	0.0	0.0	0.0	0.0	0.0	0.0
89fd9f87dc84d1ead5fac7f1963de6e3	0.0	29.0	0.0	0.0	0.0	0.0	0.0	0.0	0.0	0.0	0.0	0.0
b836d38f7f45c7f5ac13c66112704cb4	0.0	0.0	0.0	0.0	61.0	0.0	0.0	0.0	0.0	0.0	0.0	0.0
176a1a2c5f0aafb336415ae3744a52d8	568.0	33.0	0.0	53.0	1399.0	0.0	131.0	0.0	7.0	19.0	0.0	0.0
3efcf8ea57776a9974847f162df892f9	0.0	0.0	3.0	0.0	517.0	0.0	70.0	0.0	11.0	8.0	0.0	17.0
aca646bb2bb4b52f47533681c95662c4	5.0	0.0	0.0	0.0	0.0	0.0	0.0	0.0	0.0	0.0	0.0	0.0
d826d67d0583fbd265bec3a829691bde	0.0	0.0	0.0	0.0	0.0	0.0	20.0	0.0	0.0	0.0	0.0	0.0
663b5b096d507988dffeff9c56f5be18	0.0	0.0	0.0	0.0	0.0	0.0	0.0	0.0	0.0	0.0	0.0	17.0
0312759d1cb13e8d9e832949294ce152	0.0	0.0	0.0	0.0	17.0	0.0	0.0	0.0	0.0	0.0	0.0	0.0
30f16992915b51a73380e6ffe4824fc5	0.0	13.0	0.0	0.0	21.0	0.0	0.0	0.0	9.0	0.0	0.0	0.0
20659a7f92ced0fcd848fd555ee42d8b	0.0	0.0	0.0	0.0	0.0	0.0	6.0	0.0	0.0	0.0	0.0	0.0
49eb3776d5371019e1f8d8e9d2a0300b	22.0	0.0	0.0	0.0	0.0	0.0	0.0	0.0	0.0	0.0	0.0	0.0
e8e2882b2d38674c8d85c5f20e9d86d4	0.0	0.0	0.0	0.0	0.0	72.0	0.0	0.0	0.0	0.0	0.0	0.0
cfde8874ab28aae3ea94abf75bde5026	30.0	0.0	0.0	0.0	0.0	0.0	0.0	0.0	0.0	0.0	0.0	0.0
2586dc17e567438a010dc6d45622d4e6	0.0	0.0	0.0	0.0	0.0	19.0	0.0	5.0	164.0	0.0	0.0	0.0
78b84c83931bbde1dcf3ad96ace1a4cc	0.0	0.0	0.0	0.0	0.0	0.0	0.0	0.0	0.0	0.0	0.0	3.0
d618d2d7ec85e90bda4474bd74493bc1	0.0	0.0	0.0	0.0	22.0	0.0	0.0	0.0	0.0	0.0	0.0	0.0
dd4ee803ae41ce04b71de86c379e4e8b	0.0	0.0	0.0	6.0	0.0	0.0	0.0	0.0	0.0	30.0	0.0	0.0
c10e1f4ea00bd47132b566d43da3ae8b	62.0	0.0	0.0	20.0	22.0	0.0	0.0	0.0	0.0	0.0	0.0	0.0
34cead2844c5bffd974cdbbedd587f10	0.0	7.0	0.0	24.0	59.0	0.0	99.0	0.0	0.0	0.0	0.0	0.0
c9be54513573724d4c68b167a5982c77	0.0	0.0	0.0	0.0	0.0	193.0	0.0	0.0	0.0	0.0	0.0	0.0
afcb0485ef632892bec8d14f96bb0d2d	0.0	0.0	0.0	0.0	0.0	0.0	0.0	0.0	98.0	0.0	0.0	0.0
c30a266a9a7562d4741a205fc22c3b7b	0.0	0.0	0.0	0.0	0.0	0.0	0.0	0.0	53.0	0.0	0.0	0.0
adedafb5f0fbf9b681ab73a54eec9ba0	72.0	0.0	0.0	0.0	0.0	0.0	0.0	0.0	0.0	0.0	0.0	0.0
8a13ee134737e5d99ae26908214a6126	0.0	0.0	0.0	0.0	3344.0	0.0	0.0	0.0	0.0	0.0	0.0	0.0
fe4109471935fb98ca85c31b1148ce9d	0.0	0.0	0.0	0.0	535.0	0.0	0.0	0.0	0.0	0.0	0.0	0.0
4a186508b945828e9586b2e622ec83de	0.0	0.0	0.0	0.0	355.0	0.0	0.0	0.0	0.0	0.0	0.0	0.0
5d9202f91c3891074a84b14bd9657c77	0.0	0.0	0.0	0.0	564.0	0.0	0.0	0.0	0.0	0.0	0.0	0.0
1c66c4e17449619e5d1356ae666c4b07	0.0	0.0	0.0	0.0	18400.0	0.0	0.0	0.0	0.0	0.0	0.0	0.0
09c128f2581e71273df03c9a32948534	0.0	0.0	0.0	0.0	0.0	0.0	97.0	27.0	21.0	0.0	0.0	0.0
04a69ecf05409e92c695bae1a696c973	0.0	0.0	0.0	0.0	0.0	73.0	0.0	0.0	16.0	54.0	0.0	0.0
a9fbc4a7cbad0d7757e01a2dd3c07aa5	0.0	0.0	0.0	0.0	0.0	0.0	0.0	0.0	0.0	236.0	0.0	0.0
79827d5767702dcc781a1f86d3abb55a	0.0	0.0	0.0	0.0	0.0	39.0	0.0	0.0	0.0	242.0	0.0	0.0
df1f1ac725711d54411a856cf7dd13fd	0.0	0.0	0.0	0.0	0.0	0.0	0.0	0.0	0.0	0.0	0.0	240.0
8f78bd86d082587aed8749d150e2c78a	0.0	15.0	0.0	0.0	0.0	45.0	0.0	0.0	0.0	214.0	0.0	0.0
70852d21d85e39e1b6762b9e2382067a	0.0	0.0	0.0	0.0	16.0	0.0	30.0	0.0	256.0	475.0	74.0	204.0
213036445397e5960cc9433b1496d3bc	0.0	0.0	0.0	0.0	0.0	0.0	26.0	0.0	0.0	0.0	0.0	0.0
a7fdaae542052a2d8182ca121b6b4a9b	0.0	0.0	0.0	0.0	0.0	0.0	0.0	0.0	0.0	0.0	0.0	44.0
2e1b0522164ff136529b6dfda9c969a4	51.0	19.0	17.0	0.0	158.0	0.0	41.0	0.0	64.0	1560.0	32.0	193.0
51e2afced586275ba9afa133f28923ae	0.0	0.0	0.0	0.0	733.0	0.0	0.0	0.0	0.0	0.0	0.0	0.0
de21e63643ad7a1bd3e351b92bebec5f	24.0	0.0	0.0	0.0	0.0	0.0	0.0	0.0	0.0	0.0	0.0	0.0
de0a0e1ac55affd5b6f7c4384153324b	0.0	0.0	0.0	0.0	47.0	0.0	0.0	0.0	0.0	0.0	0.0	0.0
5c14848ea806b1f6512d7663cab1b4df	31.0	0.0	0.0	0.0	0.0	0.0	0.0	0.0	117.0	0.0	0.0	93.0
8539efbcfdb528d6bb86b3e75b1dc74c	0.0	0.0	0.0	0.0	0.0	0.0	0.0	0.0	190.0	0.0	0.0	164.0
55f7146467ff0921efe6eb7b9cba37f9	0.0	0.0	0.0	0.0	0.0	0.0	0.0	0.0	0.0	22.0	0.0	0.0
f865b9f65a37530ee759569fe89acd43	0.0	0.0	0.0	0.0	0.0	0.0	8.0	0.0	40.0	0.0	0.0	0.0
71888e3a0fa7cbef26e9109e6d8eb892	0.0	0.0	0.0	2.0	0.0	0.0	0.0	0.0	247.0	0.0	0.0	0.0
cca8a9d8129e6647c8fbb21478afd90f	0.0	0.0	0.0	0.0	863.0	0.0	0.0	0.0	0.0	0.0	0.0	0.0
fd23cc2ede4c24026e487616ac205081	0.0	0.0	0.0	0.0	667.0	0.0	0.0	0.0	0.0	0.0	0.0	0.0
3517d4fa03aff4d8612bf406b8895f31	0.0	0.0	0.0	0.0	0.0	0.0	0.0	0.0	2.0	0.0	0.0	0.0
0ac63a2043ef492143aacbbd3c828ac2	0.0	0.0	165.0	0.0	3358.0	0.0	0.0	0.0	0.0	0.0	45.0	99.0
f4a9b0f644aadf7ef1d0004af1567060	0.0	0.0	0.0	0.0	173.0	0.0	0.0	0.0	0.0	0.0	0.0	0.0
c8deacfd2aecc22d40edc1afed703f36	0.0	0.0	0.0	0.0	10797.0	0.0	0.0	0.0	0.0	0.0	0.0	0.0
18f1ca54f6846309bde72a326e839d7a	0.0	0.0	0.0	0.0	0.0	0.0	0.0	6.0	0.0	0.0	0.0	0.0
e0f09fceb78522bef02aa45d4585b802	0.0	0.0	0.0	0.0	0.0	0.0	0.0	0.0	0.0	51.0	0.0	0.0
dafef55dfbee8f9b423e3cf6d433cda3	0.0	0.0	0.0	0.0	0.0	0.0	0.0	0.0	101.0	0.0	0.0	0.0
14c092c658a1f1b842e1567fab323c79	0.0	0.0	0.0	0.0	0.0	0.0	0.0	0.0	0.0	0.0	19.0	0.0
886e55fa6b3334b71e00c2ed3af6898e	0.0	0.0	0.0	0.0	0.0	98.0	0.0	0.0	0.0	0.0	0.0	0.0
8b0eeefe4cefed106b4430e78b627d25	0.0	0.0	0.0	0.0	0.0	2930.0	15.0	0.0	123.0	0.0	0.0	0.0
0d9280168a8082e1a557ca8e8ecae522	0.0	0.0	0.0	0.0	0.0	49.0	0.0	0.0	0.0	0.0	0.0	0.0
eef73c1a93a604f011bcb83276a4994c	0.0	0.0	141.0	0.0	0.0	0.0	0.0	0.0	0.0	0.0	0.0	0.0
0864789b0c07f914b0a531144c4b9196	0.0	0.0	0.0	0.0	0.0	0.0	0.0	0.0	0.0	0.0	0.0	8.0
fe4c65c40a21c69adb9331bf9adf0bbd	0.0	0.0	0.0	0.0	0.0	723.0	0.0	0.0	0.0	0.0	0.0	0.0
269aaf48ba3f439bee10f209d3ac857f	0.0	0.0	0.0	0.0	0.0	258.0	0.0	0.0	0.0	0.0	0.0	0.0
f0870f42d2a6fc5e03ec2583db4d77dc	0.0	28.0	0.0	0.0	0.0	0.0	0.0	0.0	0.0	0.0	0.0	0.0
b71a26067e154be535f53d2e1ad48450	0.0	0.0	0.0	0.0	0.0	0.0	0.0	13.0	0.0	0.0	0.0	0.0
1141830163caacfe9af628089ab0b322	0.0	0.0	0.0	0.0	0.0	0.0	0.0	0.0	45.0	0.0	0.0	0.0
cfbcf87ab5f186fa6cb87e0484e66a12	0.0	0.0	0.0	0.0	0.0	64.0	0.0	0.0	0.0	0.0	0.0	0.0
419fea91cbbf8343f0102bed724c132f	20.0	0.0	0.0	0.0	12622.0	0.0	0.0	0.0	0.0	0.0	0.0	0.0
cd24131a8c23ba04304f9e8d4197ef13	0.0	0.0	0.0	0.0	84.0	0.0	0.0	0.0	0.0	0.0	0.0	0.0
898a31f8cdf39cc768cff584c5b99d48	0.0	0.0	0.0	0.0	358.0	0.0	0.0	0.0	0.0	0.0	0.0	0.0
c5a1440afaf6e8f28a0dc66e9ae9387f	0.0	28.0	0.0	0.0	0.0	0.0	0.0	0.0	0.0	0.0	0.0	0.0
f4d45e2ff0982cf32e4e10aec200224a	28.0	0.0	13.0	0.0	0.0	0.0	0.0	11.0	38.0	73.0	52.0	95.0
62ca1028d5467bae82c3cc17269dcb1c	0.0	0.0	0.0	0.0	0.0	60.0	0.0	0.0	0.0	0.0	0.0	0.0
0a07d63dc5b089c66fbe7714a828c7b9	0.0	0.0	0.0	6.0	0.0	0.0	0.0	0.0	0.0	0.0	0.0	0.0
afff2fd4c280c571556499c69a45c0b0	0.0	0.0	0.0	0.0	0.0	32.0	0.0	0.0	0.0	0.0	0.0	43.0
22a39e613b7e54d189178c847b97a9f8	0.0	0.0	0.0	0.0	98.0	0.0	0.0	0.0	0.0	0.0	0.0	0.0
fa9d0606872b439c6512e3451f70b141	65.0	0.0	0.0	0.0	0.0	0.0	0.0	0.0	0.0	0.0	0.0	0.0
407cf5fcd5844e041d5f7faaa59975eb	0.0	0.0	0.0	0.0	0.0	0.0	0.0	0.0	0.0	6.0	0.0	0.0
a4a3641f3b2368fb6a761159489a3bba	0.0	0.0	0.0	0.0	0.0	124.0	0.0	0.0	0.0	4.0	23.0	0.0
e4afbb78c3dc3e78661025d396eb3b8b	0.0	0.0	0.0	0.0	0.0	0.0	0.0	0.0	14.0	0.0	0.0	0.0
356e771b38d2c43d0f7a380a29b8b80c	0.0	0.0	0.0	0.0	0.0	0.0	13.0	7.0	0.0	306.0	0.0	0.0
ca605805b356a1793a3a59236b8a6899	80.0	0.0	0.0	0.0	0.0	0.0	0.0	0.0	0.0	0.0	0.0	0.0
d4485edb7aa11730091e68c18d75248d	0.0	0.0	0.0	0.0	0.0	0.0	0.0	0.0	44.0	0.0	0.0	0.0
787c82c08fc70db0249dc7ec9dd2dcd3	0.0	0.0	0.0	0.0	60.0	0.0	0.0	0.0	0.0	0.0	0.0	0.0
f660856d4efcf773f8d1968589671818	0.0	0.0	0.0	0.0	15.0	0.0	0.0	0.0	0.0	59.0	0.0	0.0
eaa9713a131627fb09b6ed6174d5a445	0.0	0.0	0.0	0.0	0.0	0.0	0.0	0.0	189.0	0.0	0.0	0.0
204d2a4e9a5b7bc568c456b533c3700e	0.0	0.0	0.0	0.0	16.0	0.0	0.0	0.0	0.0	0.0	0.0	0.0
fd0e34bb648bea8b8fe302080e139b5f	0.0	0.0	0.0	0.0	0.0	0.0	0.0	0.0	8.0	0.0	0.0	0.0
f3e5cc7a1c9e8900893b94981fa9f50d	0.0	0.0	0.0	0.0	0.0	4.0	0.0	0.0	0.0	0.0	0.0	0.0
3069ea9f86cd1d2b87ac74b753ea9d8a	0.0	0.0	0.0	0.0	0.0	0.0	0.0	0.0	0.0	7.0	0.0	0.0
3780907af521ee78015f894861ff4f43	0.0	0.0	0.0	0.0	21.0	0.0	0.0	0.0	0.0	0.0	0.0	0.0
77eabababcc572fe2c90879f1316c910	26.0	0.0	0.0	0.0	0.0	0.0	0.0	0.0	0.0	0.0	0.0	0.0
92a60aa5294a5730e68b4bd3740bc096	0.0	0.0	0.0	0.0	0.0	0.0	0.0	64.0	0.0	0.0	0.0	0.0
c6aa8d30bd3fe0852b8e7231e2da7a5e	0.0	0.0	0.0	0.0	0.0	138.0	0.0	0.0	0.0	15.0	0.0	9.0
b0efd24e338b74da70712e652d1c0dab	0.0	0.0	0.0	0.0	0.0	0.0	0.0	0.0	0.0	30.0	0.0	0.0
3bc13276dd6eabaf6be9e25f18d8ecb3	0.0	0.0	0.0	0.0	0.0	0.0	4.0	0.0	0.0	0.0	0.0	0.0
40f5e025a6dc13cab41fd51423d5a0ee	113.0	0.0	0.0	38.0	0.0	0.0	48.0	0.0	26.0	60.0	0.0	0.0
99c5998b3fca5fdb055ce35eb628e899	0.0	0.0	0.0	0.0	0.0	0.0	0.0	0.0	0.0	0.0	0.0	50.0
bdabf63a524e31abeb8700964a99643e	0.0	0.0	0.0	0.0	0.0	20.0	0.0	20.0	19.0	0.0	0.0	0.0
12ff81648d4fd4aa408b1be4625b53a0	0.0	5.0	0.0	0.0	148.0	0.0	0.0	0.0	0.0	0.0	0.0	715.0
6315016579c734ebe92c5e7b37b2a9a8	0.0	8.0	0.0	0.0	0.0	0.0	0.0	0.0	0.0	0.0	0.0	0.0
177263351ae13d80f2072c85da17c477	0.0	0.0	0.0	0.0	0.0	0.0	0.0	0.0	0.0	0.0	22.0	0.0
b51ab4fc691dc957c4bc7cdea1d8fffb	0.0	0.0	0.0	0.0	0.0	0.0	0.0	38.0	281.0	166.0	195.0	0.0
968eed2bde0ab16071aeaf2e37fc7b25	0.0	0.0	0.0	0.0	0.0	4.0	0.0	0.0	0.0	39.0	0.0	0.0
9455e36f95157295484d59d306bb74ec	0.0	0.0	0.0	0.0	0.0	18.0	0.0	0.0	0.0	0.0	0.0	0.0
68634b3405e0737f00b41d4adb476e90	95.0	0.0	0.0	0.0	0.0	0.0	0.0	0.0	0.0	0.0	0.0	0.0
a1381a56f2b12600c12661ba20899a12	31.0	0.0	0.0	0.0	0.0	0.0	0.0	0.0	0.0	0.0	0.0	0.0
639be6a1f820e6e6a78e7c541e8d1319	0.0	0.0	0.0	0.0	0.0	22.0	0.0	0.0	0.0	0.0	0.0	0.0
c27c3d12a1d2d2bc87ec7201068127a9	0.0	0.0	0.0	0.0	0.0	83.0	0.0	0.0	0.0	0.0	0.0	0.0
2c3c8ea930e2afa83ce13f4328b50de1	0.0	0.0	0.0	21.0	0.0	85.0	0.0	0.0	0.0	0.0	0.0	0.0
97374825c5910bd1864f3d67bca213aa	0.0	0.0	0.0	0.0	1195.0	0.0	0.0	0.0	0.0	0.0	0.0	0.0
dbdd0bb89199fbbbf0b225e650bf9a33	0.0	0.0	0.0	0.0	81.0	0.0	0.0	0.0	0.0	0.0	0.0	0.0
3a3cfc20a38be64c0129a90f3cb859da	0.0	0.0	0.0	64.0	2907.0	257.0	0.0	0.0	76.0	0.0	0.0	0.0
1d95c21acc9126a3b5d68a353c140a7c	0.0	0.0	0.0	33.0	0.0	0.0	0.0	0.0	0.0	0.0	0.0	0.0
c60338bb2345624e4416c47e2aca3113	544.0	0.0	0.0	0.0	0.0	465.0	0.0	0.0	0.0	0.0	0.0	0.0
90f9e6dcf727c232ba6e4b338826b558	77.0	37.0	0.0	0.0	0.0	0.0	0.0	0.0	83.0	0.0	0.0	0.0
c2bb3152d47976d864bd3e3ca35325dd	0.0	0.0	0.0	0.0	76.0	0.0	0.0	0.0	0.0	0.0	0.0	0.0
26bcd556a9e33eff1fd6205ec4a994df	56.0	0.0	0.0	0.0	0.0	0.0	0.0	39.0	0.0	0.0	69.0	39.0
8ad4195299ab08396537faac761e0b97	64.0	0.0	0.0	58.0	0.0	0.0	0.0	0.0	0.0	0.0	0.0	0.0
f90d3a8d0fe9e933f41571d787425c15	0.0	0.0	0.0	0.0	0.0	0.0	11.0	0.0	0.0	1109.0	0.0	0.0
07a44c35de7eb3804ddd33b7d5c15b9a	0.0	33.0	17.0	0.0	329.0	0.0	0.0	0.0	87.0	37.0	513.0	1252.0
fe4739998b83516109b4ec0a5a546190	0.0	0.0	0.0	0.0	0.0	20.0	0.0	0.0	0.0	0.0	0.0	0.0
03afd43913e7e6e83750f60b70ea81b6	0.0	0.0	0.0	0.0	0.0	180.0	0.0	0.0	6.0	0.0	21.0	0.0
46effa746c91faf6048a3fb4b0c798f6	23.0	0.0	0.0	0.0	0.0	0.0	0.0	0.0	0.0	0.0	0.0	0.0
424bc4a3f60ff3c329f6a72ff0bd93c8	0.0	0.0	0.0	0.0	0.0	0.0	0.0	8.0	0.0	0.0	0.0	0.0
a02ed657b1dc9180ec10ca76f01b737e	18.0	0.0	0.0	0.0	0.0	10.0	0.0	0.0	0.0	0.0	17.0	0.0
e422c13f2d3eacc1785d540a835c5293	0.0	4.0	0.0	0.0	0.0	0.0	0.0	0.0	0.0	0.0	0.0	0.0
c0df9a20c10abbdd996c91e8b1950241	0.0	0.0	0.0	0.0	10.0	0.0	0.0	0.0	0.0	0.0	0.0	0.0
c8beb94aecc7310babb93a59d1fd095b	124.0	0.0	0.0	0.0	90.0	0.0	0.0	0.0	0.0	0.0	0.0	0.0
fa5811a946a1f81375ac82e237861e3a	0.0	0.0	0.0	17.0	99.0	0.0	12.0	0.0	0.0	0.0	0.0	0.0
c8fe220d29377b68db3ed5de8cc81fa0	0.0	0.0	0.0	0.0	0.0	0.0	0.0	0.0	2.0	0.0	0.0	0.0
c7551dc242f3a26d4880b22f1305c91e	0.0	0.0	0.0	0.0	0.0	0.0	0.0	0.0	0.0	19.0	0.0	0.0
b243370c40e6ba3bb9fd6450b1289b94	63.0	0.0	4.0	0.0	154.0	0.0	0.0	0.0	0.0	34.0	0.0	0.0
dcc148516c5541b0430fc935251e1264	0.0	0.0	0.0	0.0	0.0	0.0	0.0	5.0	0.0	0.0	0.0	0.0
33e346bec97712b1c54d091bcce8ca06	58.0	0.0	0.0	0.0	0.0	0.0	0.0	0.0	0.0	0.0	0.0	0.0
5dd3bf91737b94882d0cf4b2ae96ae1c	0.0	0.0	0.0	0.0	0.0	0.0	0.0	0.0	3.0	104.0	4.0	0.0
061413780505a998b895c2be5bb12b2c	0.0	0.0	0.0	6.0	0.0	0.0	0.0	0.0	0.0	0.0	0.0	0.0
1cd5337f2ec20b3f3675c92592f7e48f	0.0	0.0	0.0	0.0	0.0	0.0	0.0	0.0	4.0	0.0	0.0	0.0
91e0bafd80b2ecbea6f3b2f84e041091	0.0	0.0	13.0	0.0	0.0	0.0	0.0	0.0	0.0	39.0	0.0	0.0
0fc35ea105dee626449fb21c2e13f60e	0.0	0.0	0.0	23.0	90.0	0.0	0.0	0.0	0.0	0.0	0.0	0.0
d8dd55b4f61382040cb26eaf74903db1	0.0	0.0	0.0	0.0	21.0	0.0	0.0	0.0	0.0	0.0	0.0	0.0
384e32d68332576d97de35c9500952c8	0.0	0.0	0.0	0.0	0.0	5.0	0.0	0.0	0.0	0.0	0.0	0.0
3fd1cc5a547081b61129678ed65461cc	0.0	0.0	0.0	0.0	0.0	0.0	0.0	0.0	114.0	0.0	0.0	0.0
f424bcf285366ecb386994db8192ee4d	0.0	0.0	0.0	18.0	0.0	0.0	6.0	1425.0	3337.0	10.0	0.0	0.0
623345758808ce894196228ff2e2b146	0.0	0.0	0.0	0.0	104.0	0.0	0.0	0.0	0.0	64.0	6.0	18.0
f3231319fd1c33f861220f759133de19	0.0	0.0	0.0	0.0	0.0	0.0	0.0	0.0	2.0	0.0	0.0	0.0
1b3be5853c2be1b76823ba85d1d6ac72	32.0	0.0	0.0	0.0	0.0	0.0	0.0	0.0	0.0	0.0	0.0	0.0
013073a8aa1611433b6b23dcff64dc5a	0.0	0.0	0.0	0.0	38.0	0.0	0.0	0.0	0.0	0.0	0.0	0.0
1f490979aefd6ab2e2a563a0afaba24d	180.0	14.0	0.0	95.0	0.0	0.0	17.0	0.0	21.0	0.0	0.0	0.0
0221399d862216bcddcfe8e7c55fe6ad	21.0	0.0	0.0	0.0	0.0	0.0	0.0	0.0	0.0	0.0	0.0	0.0
4462b9c384ec5d84f786b40bb785e49f	91.0	0.0	0.0	0.0	0.0	9.0	0.0	0.0	0.0	0.0	0.0	0.0
90e4d27b38d872c5c4d4a4161e66e6ab	0.0	0.0	0.0	16.0	0.0	0.0	0.0	0.0	0.0	0.0	0.0	0.0
39f26f5c3e4d3cc60179b0fdbc56ceb6	0.0	0.0	0.0	0.0	58.0	0.0	0.0	0.0	0.0	0.0	0.0	0.0
9cf91eff6b07e1ddff01a1dd099f35b7	0.0	0.0	0.0	0.0	0.0	0.0	0.0	0.0	0.0	0.0	0.0	15.0
d52ccbf6eb46d9cf153d9a121c77ed9b	0.0	0.0	0.0	0.0	0.0	0.0	0.0	0.0	0.0	18.0	0.0	0.0
aa6d29be2a356cf74c20cdc1f63ed04c	0.0	0.0	0.0	0.0	0.0	25.0	0.0	0.0	0.0	0.0	0.0	0.0
2531fe4fed1460c5770d647c6d3c5d74	0.0	0.0	0.0	0.0	0.0	0.0	0.0	0.0	0.0	0.0	8.0	0.0
4cb46102e5579d293c02c04490898842	0.0	0.0	0.0	0.0	0.0	0.0	4.0	0.0	51.0	0.0	0.0	0.0
89c9704003c8e9e64ef681e3dd8fee79	0.0	18.0	0.0	0.0	259.0	0.0	0.0	0.0	0.0	0.0	0.0	12.0
c2d57946ab8ba71fe20becdb0b15fbe3	0.0	0.0	0.0	9.0	0.0	0.0	0.0	0.0	0.0	0.0	0.0	18.0
1c7596ce62587a0e59f4858a9ad1671b	0.0	0.0	0.0	0.0	0.0	0.0	0.0	0.0	0.0	0.0	11.0	0.0
93f6a791d510314e05c5869ce104fbda	0.0	0.0	0.0	0.0	0.0	0.0	0.0	0.0	0.0	0.0	0.0	15.0
dab6d95336f2ca053e8f3d7dd5619f0f	0.0	0.0	0.0	0.0	0.0	0.0	0.0	0.0	7.0	0.0	0.0	0.0
c6c1b3a956fd5f9209542a4cba0762a1	0.0	0.0	0.0	0.0	0.0	0.0	0.0	0.0	0.0	59.0	0.0	0.0
c32ac96e3b54a61284eeb131b1c7df65	0.0	0.0	0.0	0.0	0.0	0.0	0.0	0.0	32.0	0.0	163.0	0.0
d7a7c0ab3cc8e20f90b7a53674c40b9f	0.0	0.0	0.0	0.0	0.0	0.0	0.0	0.0	0.0	14.0	0.0	0.0
8c77b3f4c912909d40c2780b9a102df6	0.0	0.0	0.0	0.0	0.0	0.0	0.0	0.0	0.0	22.0	0.0	0.0
bbf95f103d52c3ff4a33c2d426d90e41	22.0	0.0	0.0	0.0	0.0	0.0	0.0	0.0	0.0	0.0	0.0	0.0
65c9ad2b5dae13cf7074780b8f840e26	113.0	0.0	0.0	0.0	0.0	0.0	0.0	0.0	0.0	0.0	0.0	0.0
2d6ed3bcf9654f202d922a8d90552686	227.0	0.0	0.0	0.0	0.0	0.0	0.0	0.0	0.0	0.0	0.0	0.0
4dda99fbdd93df2e18b6a0d1a6c80b2b	0.0	0.0	0.0	0.0	0.0	14.0	0.0	7.0	181.0	0.0	0.0	0.0
ee8d8bd1d620441bcc184680c9baf53a	0.0	0.0	0.0	6.0	0.0	0.0	0.0	0.0	0.0	0.0	0.0	0.0
923235b13632fbabe403c9679b9e28f4	0.0	0.0	0.0	0.0	0.0	0.0	0.0	0.0	0.0	4.0	0.0	0.0
f2258d2f6be841539b394993c2dc9951	0.0	0.0	0.0	0.0	0.0	0.0	0.0	3.0	0.0	0.0	0.0	0.0
75c44a221fb47a90c7235e9b6ad58737	0.0	0.0	0.0	0.0	8.0	0.0	0.0	0.0	0.0	0.0	0.0	0.0
1b7114929d753733f1432836006cb250	0.0	0.0	0.0	11.0	0.0	0.0	0.0	0.0	0.0	0.0	0.0	0.0
f7937c889731dead9e80301fb7bfd8bf	16.0	0.0	0.0	0.0	0.0	0.0	0.0	0.0	0.0	0.0	0.0	0.0
e87749cc31dc42141afaabcf594fc2d0	0.0	0.0	0.0	0.0	0.0	0.0	0.0	0.0	0.0	0.0	0.0	7.0
d43c4324b56684ab920ff8350cbf59e7	0.0	0.0	0.0	0.0	38.0	0.0	0.0	0.0	0.0	0.0	0.0	0.0
92c24536747ce617c3e71345ad0825d3	0.0	0.0	0.0	27.0	0.0	0.0	0.0	0.0	0.0	0.0	0.0	0.0
154949fa2f6de9e509b95fb0aeb74da5	0.0	0.0	0.0	0.0	0.0	0.0	0.0	0.0	0.0	0.0	2.0	0.0
e81aab2122fd3345f9178627e35de995	0.0	0.0	0.0	0.0	0.0	0.0	0.0	0.0	0.0	4.0	0.0	0.0
ed445759d93766e13a930fdefa3fca6a	0.0	3.0	0.0	0.0	0.0	0.0	0.0	0.0	0.0	4.0	0.0	0.0
5faa486b0e5b7c90ae1bfa300d847ea6	0.0	0.0	0.0	6.0	0.0	0.0	0.0	4.0	3.0	8.0	0.0	0.0
ba7302e2fbcf4f65d2dc0e4b0661f305	0.0	0.0	0.0	0.0	0.0	0.0	0.0	0.0	0.0	10.0	0.0	0.0
37c7cfaf332e326680c9e51a5bfa5d7e	0.0	0.0	0.0	0.0	0.0	0.0	0.0	5.0	0.0	0.0	0.0	0.0
502abca5905793baae21bda61d792a00	0.0	0.0	0.0	0.0	0.0	0.0	0.0	2.0	0.0	0.0	0.0	0.0
4ea84a8b3295b73f0847925fc913082a	0.0	0.0	0.0	2.0	0.0	0.0	0.0	0.0	0.0	0.0	0.0	0.0
60f874fb658281deffd5ef16931e5404	0.0	0.0	0.0	0.0	0.0	0.0	0.0	0.0	0.0	4.0	0.0	0.0
cfeb5a36c17e2dc306e4f130c0dae542	0.0	0.0	0.0	0.0	0.0	0.0	0.0	0.0	0.0	6.0	0.0	0.0
71b12705a60072683ad1c219292e53a9	0.0	0.0	0.0	8.0	0.0	0.0	8.0	0.0	0.0	0.0	0.0	0.0
c65775cdf7331883c5d9bedfa0c1aa1e	0.0	5.0	0.0	0.0	0.0	0.0	0.0	0.0	0.0	0.0	0.0	0.0
590603544b97eca73f9d56d65f133e48	0.0	0.0	0.0	0.0	0.0	0.0	0.0	0.0	0.0	3.0	0.0	0.0
d57e8b5d722da520190d2cb3787199ce	0.0	0.0	0.0	0.0	0.0	0.0	0.0	0.0	0.0	4.0	0.0	0.0
81c0d834f593d49ef31df1a74163f040	0.0	0.0	0.0	7.0	0.0	0.0	0.0	0.0	0.0	27.0	0.0	0.0
e796163a42e176ef09dfbd6acf6f861d	0.0	0.0	0.0	0.0	0.0	0.0	0.0	0.0	0.0	13.0	0.0	0.0
947d643fdd22c772f3a6e95476482bc5	0.0	0.0	0.0	0.0	0.0	0.0	0.0	0.0	0.0	0.0	2.0	0.0
48e56595e1261b4188e085f7df652c59	0.0	0.0	0.0	0.0	0.0	0.0	0.0	0.0	0.0	7.0	0.0	0.0
ce4613d122ddb81107ba96fc439e4497	0.0	2.0	0.0	0.0	0.0	0.0	0.0	0.0	0.0	0.0	0.0	0.0
eafd037b572059e458c47392399f0a4e	0.0	0.0	0.0	0.0	0.0	0.0	0.0	0.0	0.0	6.0	0.0	0.0
cea6d8f8b6cb65eca89b93f447587995	0.0	0.0	0.0	3.0	0.0	0.0	0.0	0.0	0.0	0.0	0.0	0.0
8aab0ca7f724e215666edfc0454748ee	0.0	0.0	0.0	7.0	0.0	0.0	0.0	0.0	0.0	0.0	0.0	0.0
eba1251656f0bcf231910bea51791412	0.0	0.0	0.0	0.0	0.0	0.0	0.0	0.0	0.0	5.0	0.0	0.0
e0b0d1fcd6c5566fa937c73a4b3e1206	0.0	0.0	0.0	4.0	0.0	3.0	0.0	0.0	0.0	0.0	0.0	0.0
facbd92f8192fe4d4db2b43a395d5797	0.0	0.0	0.0	3.0	0.0	0.0	0.0	0.0	0.0	0.0	0.0	0.0
decc0b830c5aeb8fc8b27f71796fb248	0.0	0.0	0.0	0.0	0.0	0.0	0.0	3.0	0.0	0.0	0.0	0.0
a1c5be19d64ba56a3ff8b3030c369285	0.0	0.0	0.0	3.0	0.0	0.0	0.0	0.0	0.0	0.0	0.0	0.0
b3f43eda1ff8da8c2dad36baf7d275ee	0.0	0.0	0.0	11.0	0.0	0.0	0.0	0.0	0.0	0.0	0.0	0.0
07b42a3343dcdc663d4294dd65b567ea	0.0	0.0	0.0	0.0	0.0	0.0	0.0	0.0	0.0	4.0	0.0	0.0
8c9c1d716c3e0e2ff70f4c96170caeca	0.0	0.0	0.0	4.0	0.0	0.0	0.0	0.0	0.0	0.0	0.0	0.0
0f47eb2a0f50564aeac21e71b6d0da14	0.0	0.0	0.0	0.0	0.0	0.0	0.0	0.0	3.0	0.0	0.0	0.0
fcb50499522673123d56834c5f1587ae	0.0	0.0	0.0	0.0	0.0	0.0	2.0	0.0	0.0	0.0	0.0	0.0
ed84d439d410c93d58f1b1d75ad204fc	0.0	0.0	0.0	0.0	0.0	0.0	0.0	0.0	0.0	3.0	0.0	0.0
7a13fc83ff10ac71e39ecf798dd03dc5	0.0	0.0	0.0	0.0	0.0	0.0	0.0	0.0	0.0	3.0	0.0	0.0
2fe86d42c5376af35200c638fba7b334	0.0	2.0	0.0	0.0	0.0	0.0	0.0	0.0	0.0	0.0	0.0	0.0
3d22f9227f368c288718a6e22a9398c8	0.0	0.0	0.0	3.0	0.0	0.0	0.0	0.0	0.0	0.0	0.0	0.0
a3ece5b207f635242c9a098e318ce07b	0.0	0.0	0.0	0.0	0.0	0.0	0.0	0.0	0.0	3.0	0.0	0.0
726510a6a3e0bd962e0f66a6ac0e4068	0.0	0.0	0.0	0.0	0.0	0.0	0.0	0.0	0.0	3.0	0.0	0.0
4514d48c657362e15d6e4242a90a554c	0.0	0.0	0.0	13.0	0.0	0.0	0.0	0.0	0.0	0.0	0.0	0.0
c649248ae245a22760a951c5cf565250	0.0	0.0	0.0	0.0	0.0	0.0	0.0	0.0	2.0	0.0	0.0	0.0
44784899be78d9c26af878d8c5b4be8b	0.0	0.0	0.0	6.0	0.0	0.0	0.0	0.0	0.0	0.0	0.0	0.0
8a5a641bf673d611424e83c3ef16c02c	0.0	0.0	0.0	0.0	0.0	0.0	0.0	0.0	0.0	8.0	0.0	0.0
53fc1c9a31044da7a869932ab50249ef	0.0	6.0	0.0	0.0	0.0	0.0	0.0	0.0	0.0	0.0	0.0	0.0
a698014aa32915f4684a82294427834c	0.0	0.0	0.0	0.0	0.0	0.0	0.0	0.0	9.0	0.0	0.0	0.0
6efe977a833ef3dcc6c064769ff60ffa	0.0	0.0	0.0	0.0	0.0	0.0	0.0	5.0	0.0	0.0	0.0	0.0
c42c6665cc15de8fc2f460b2aa96f02e	0.0	5.0	0.0	0.0	0.0	0.0	0.0	0.0	0.0	0.0	0.0	0.0
b2532c43ca2b8be889046dc82cccf530	0.0	0.0	0.0	0.0	0.0	0.0	0.0	0.0	2.0	0.0	0.0	0.0
65bc08830423ae121ca3b1da489199e5	0.0	0.0	0.0	0.0	0.0	0.0	0.0	0.0	3.0	0.0	2.0	0.0
11c76a2cd5db6d0826f63c7141f48159	0.0	0.0	0.0	4.0	0.0	0.0	0.0	0.0	0.0	0.0	0.0	0.0
3261d7849424965542ecca2302bf0cf4	0.0	0.0	0.0	0.0	0.0	4.0	0.0	0.0	0.0	0.0	0.0	0.0
9058862c9761780a3ffa56ba8fb899c6	0.0	0.0	0.0	6.0	0.0	0.0	3.0	0.0	0.0	4.0	0.0	0.0
3b15cb11279a6a5ff723730661623652	0.0	0.0	2.0	0.0	0.0	0.0	0.0	0.0	0.0	0.0	0.0	0.0
5b396139c8b14cf0aa07c268c8060856	0.0	0.0	0.0	2.0	0.0	0.0	0.0	0.0	0.0	0.0	0.0	0.0
c1fffddee17fcd92fd78624f3ef59897	0.0	0.0	0.0	0.0	0.0	0.0	0.0	2.0	0.0	0.0	0.0	0.0
c39ce4114945fe5b7bf70898710ef5ae	0.0	0.0	0.0	0.0	0.0	0.0	0.0	0.0	0.0	10.0	0.0	0.0
b2ea181fffe2118ee9d145e510076fee	0.0	0.0	3.0	0.0	0.0	0.0	0.0	0.0	0.0	0.0	0.0	0.0
402f2d13e1cfc36d7cfaf3b0432bebf8	0.0	0.0	0.0	0.0	0.0	0.0	0.0	0.0	0.0	0.0	0.0	3.0
0d9ace96bd5daf784c44579f098cdb5f	0.0	0.0	0.0	0.0	0.0	0.0	0.0	0.0	0.0	2.0	0.0	0.0
f6ab3e3e4c59a0d03e11f976f9b40795	0.0	0.0	0.0	2.0	0.0	0.0	0.0	0.0	0.0	0.0	0.0	0.0
a9ceac1d657d5680376e623ef01afe80	7.0	0.0	0.0	0.0	0.0	0.0	0.0	0.0	0.0	0.0	0.0	0.0
e82a7371a63267f3d8f995ef85cd3d1f	0.0	0.0	0.0	0.0	0.0	0.0	63.0	0.0	0.0	0.0	0.0	0.0
4f077dc59bdaee74b482649c7bb01327	18.0	17.0	0.0	0.0	0.0	25.0	32.0	0.0	0.0	0.0	0.0	0.0
d591a46697a49a9988f5e417080917f1	0.0	0.0	0.0	0.0	0.0	0.0	0.0	0.0	0.0	11.0	0.0	0.0
a7f695b1d705d0f79f0a04afd7f2a1af	0.0	0.0	0.0	0.0	0.0	0.0	0.0	0.0	0.0	18.0	0.0	0.0
1ee77bf50a5fa1f7b4aaaa0f5078d624	0.0	0.0	0.0	0.0	0.0	0.0	0.0	0.0	0.0	22.0	0.0	0.0
aa8b686e56f771ddeb0e2730f1625cb2	0.0	0.0	0.0	0.0	0.0	0.0	0.0	0.0	0.0	2.0	0.0	0.0
f100511c1f837c19f7c9e141c17c8c8b	0.0	0.0	0.0	0.0	0.0	0.0	0.0	0.0	0.0	2.0	0.0	0.0
29e9da2aa835d9659b5154bec34ce7a7	0.0	0.0	0.0	0.0	0.0	0.0	0.0	0.0	4.0	0.0	0.0	0.0
310a33d45d33e77ca876c892a6a8b6c7	0.0	0.0	0.0	0.0	0.0	0.0	0.0	0.0	3.0	0.0	0.0	0.0
e2118d26276b900370de31bc0640cd23	0.0	0.0	0.0	0.0	0.0	0.0	0.0	0.0	0.0	4.0	0.0	0.0
88949b2db46fda04f98664d1dc5589eb	0.0	0.0	0.0	0.0	0.0	0.0	0.0	0.0	2.0	0.0	0.0	0.0
3c200a811102de253509dcaa46ed41e1	0.0	0.0	0.0	0.0	0.0	0.0	0.0	0.0	0.0	5.0	0.0	0.0
7dbb13fd4167ee90892602f0d133a28c	0.0	10.0	0.0	0.0	0.0	0.0	0.0	5.0	2.0	0.0	0.0	0.0
e513f6fc4eb2d5cd1c0dd0d4000fbb49	0.0	0.0	0.0	0.0	0.0	0.0	0.0	0.0	0.0	5.0	0.0	0.0
20235f61df5d987b001712b1c69fa0ba	0.0	2.0	0.0	0.0	0.0	0.0	0.0	0.0	0.0	0.0	0.0	0.0
98ab2059b03a8621ffb90e4e0fc3777b	7.0	0.0	0.0	0.0	0.0	0.0	0.0	0.0	0.0	0.0	0.0	0.0
6b44b3b45deede8a86ca866e893d09b3	6.0	6.0	0.0	0.0	0.0	0.0	0.0	0.0	0.0	0.0	0.0	0.0
0002c228d84787bddd5b7d88a954cb67	0.0	0.0	0.0	0.0	0.0	0.0	0.0	0.0	0.0	0.0	0.0	2.0
b4bacfc9d2aee70a100d73d59f8c7992	0.0	0.0	0.0	0.0	0.0	0.0	0.0	0.0	4.0	0.0	0.0	0.0
657bdf9a2f88a1687901bdf7527bcf7b	0.0	0.0	0.0	2.0	0.0	0.0	0.0	0.0	0.0	0.0	0.0	0.0
2b499bae3e759c8870669fc629c5c1e0	0.0	0.0	0.0	0.0	0.0	0.0	0.0	6.0	0.0	0.0	0.0	0.0
d62e9f5867ae6a78bfa214d75d112b5a	0.0	0.0	0.0	0.0	0.0	0.0	0.0	0.0	0.0	13.0	5.0	0.0
27c94f0579480456ff5a38d05c8f5303	0.0	40.0	0.0	0.0	0.0	0.0	0.0	0.0	0.0	0.0	0.0	0.0
b173bdca173d8df70cb37194e41c84cd	0.0	0.0	0.0	0.0	0.0	0.0	0.0	0.0	7.0	0.0	0.0	0.0
1c6b1cab19862cac18b8bdc7cdb80629	0.0	0.0	0.0	0.0	0.0	0.0	0.0	0.0	0.0	10.0	0.0	0.0
e82789127a6213ff4e5398e2c80e690c	0.0	0.0	0.0	0.0	0.0	0.0	0.0	0.0	0.0	15.0	0.0	0.0
e654b9e21f8a36d901e70544c5f80562	0.0	0.0	0.0	0.0	0.0	0.0	0.0	0.0	0.0	18.0	0.0	0.0
fdb7640af02e7be5c3acf52b29019c7b	0.0	0.0	0.0	0.0	0.0	0.0	0.0	0.0	0.0	29.0	0.0	0.0
d49aba8602a4980aad9358e14c3563fd	0.0	0.0	0.0	0.0	0.0	0.0	0.0	0.0	0.0	7.0	0.0	0.0
ec8cece0208dd1137e3a13a60b81cc3c	0.0	0.0	0.0	0.0	0.0	0.0	0.0	0.0	0.0	8.0	0.0	0.0
9d76d28264d66a7f84e0844928afbc73	0.0	0.0	0.0	3.0	0.0	0.0	0.0	0.0	0.0	0.0	0.0	0.0
ad48d120aa69e6c0a12840569871af3b	0.0	0.0	0.0	5.0	0.0	0.0	0.0	0.0	0.0	12.0	0.0	0.0
203ac27dac9e63fd3aea87e625c642f6	0.0	0.0	0.0	0.0	0.0	0.0	3.0	0.0	0.0	4.0	0.0	0.0
6f374f1867c7b589559b50c5472a57cc	0.0	0.0	0.0	0.0	0.0	0.0	0.0	0.0	0.0	5.0	0.0	0.0
e06df3ba748180cc5d59f64b97f21df3	0.0	0.0	0.0	0.0	0.0	3.0	0.0	0.0	0.0	0.0	0.0	0.0
9e6c1c909a1b4a1d9d189777d2f782d9	0.0	0.0	0.0	0.0	0.0	0.0	0.0	0.0	0.0	5.0	0.0	0.0
bf4a37e954d5b80eadc127fa2fdcbfce	0.0	0.0	0.0	0.0	0.0	0.0	0.0	0.0	0.0	12.0	0.0	0.0
be08fc787d6171c61b9e8971a1242d00	0.0	0.0	0.0	0.0	0.0	0.0	0.0	0.0	0.0	2.0	0.0	0.0
3c4cf80d85586a39ff070848ed97a0e2	9.0	0.0	0.0	0.0	0.0	0.0	0.0	0.0	0.0	0.0	0.0	0.0
9bfd519f9d2db137f6569554e5aec810	0.0	0.0	0.0	8.0	0.0	0.0	0.0	0.0	0.0	0.0	0.0	0.0
b79d81184c8568fdde998f8cc057fa28	0.0	0.0	0.0	0.0	0.0	0.0	0.0	0.0	3.0	0.0	0.0	0.0
583ee5cd74fb6c1ad92ddfaa39ac73bc	0.0	5.0	0.0	0.0	0.0	0.0	0.0	0.0	0.0	0.0	0.0	0.0
896b11799f83e554c8c7a31efdb9edf6	0.0	0.0	0.0	6.0	0.0	0.0	0.0	0.0	0.0	0.0	0.0	0.0
93c4857027cec8310c32897be399b146	0.0	0.0	0.0	0.0	0.0	0.0	0.0	0.0	0.0	5.0	0.0	0.0
bc2468ba121b5155440f974ed16e1d5a	0.0	0.0	0.0	0.0	0.0	0.0	0.0	3.0	0.0	0.0	0.0	0.0
aa9185b7b9b193ffaeb6c778852e92ea	0.0	0.0	0.0	0.0	0.0	0.0	0.0	0.0	0.0	13.0	0.0	0.0
302584a39608434e4f8427735148a208	0.0	0.0	0.0	0.0	0.0	0.0	0.0	0.0	0.0	6.0	0.0	0.0
3aa259bf412a609a29d9d3ecd67a6d18	0.0	0.0	0.0	0.0	0.0	0.0	0.0	0.0	0.0	25.0	0.0	0.0
474db957eb85ac9c1991394ae650bc70	178.0	0.0	0.0	0.0	0.0	0.0	0.0	0.0	0.0	0.0	0.0	0.0
1eff4f2fb751b6700a7ba255e49851e3	0.0	0.0	0.0	0.0	0.0	0.0	0.0	0.0	3.0	0.0	0.0	0.0
413d96842b52869e21972f49e9196fc1	0.0	0.0	0.0	0.0	0.0	0.0	3.0	0.0	0.0	0.0	0.0	0.0
b6703ad1488ec84754f55653c91f6ad0	0.0	0.0	0.0	0.0	0.0	0.0	0.0	0.0	0.0	12.0	0.0	0.0
da7b9263edf9c87a1969309cfc8b3f34	0.0	0.0	0.0	0.0	0.0	0.0	0.0	0.0	0.0	6.0	0.0	0.0
88c6dc27523b88c19a781cc9181145e6	0.0	0.0	0.0	0.0	0.0	0.0	0.0	0.0	0.0	3.0	0.0	0.0
0278378d8c6d91c0953915efc514fbdf	0.0	0.0	0.0	5.0	0.0	0.0	0.0	0.0	0.0	0.0	0.0	0.0
549cf030b159ffb4942b77a1082ed913	0.0	0.0	0.0	0.0	0.0	0.0	0.0	0.0	0.0	2.0	0.0	0.0
b07d233a35f8f7e03c7604011ad7d5b4	0.0	0.0	0.0	0.0	0.0	0.0	0.0	0.0	0.0	7.0	0.0	0.0
447bf6ec4681474f045108514e30fcbb	0.0	0.0	0.0	4.0	0.0	0.0	0.0	0.0	0.0	0.0	0.0	0.0
eda6f6899d7b607e58c3619f246a9d33	16.0	0.0	0.0	0.0	0.0	0.0	0.0	0.0	0.0	0.0	0.0	0.0
4149591fb127c81147d0bd446d5119b7	0.0	0.0	0.0	0.0	0.0	0.0	0.0	0.0	0.0	6.0	0.0	0.0
e0cf31ffb65734179cefd3ed606f870e	0.0	0.0	0.0	5.0	0.0	0.0	0.0	0.0	0.0	0.0	0.0	0.0
77e8e77d9b7f2d3caaee16bb4e8b1b40	0.0	0.0	0.0	0.0	0.0	0.0	0.0	0.0	0.0	5.0	0.0	0.0
120d7cfbd34cd16f65bb303b6b41d4b4	0.0	0.0	0.0	4.0	0.0	0.0	0.0	0.0	0.0	0.0	0.0	0.0
6b5eb895c95c21453cae9635a8d053de	0.0	0.0	0.0	0.0	0.0	5.0	0.0	0.0	0.0	6.0	0.0	0.0
4aff580fd76b4044d407d975e53e1795	0.0	0.0	0.0	2.0	0.0	0.0	0.0	0.0	0.0	0.0	0.0	0.0
7d21f88689bbf4f44d83e8ce630ac4f3	0.0	0.0	0.0	0.0	0.0	0.0	0.0	0.0	0.0	9.0	0.0	0.0
8c929a41d11972684c60579b5fb2dee4	0.0	0.0	0.0	0.0	0.0	0.0	0.0	0.0	0.0	4.0	0.0	0.0
9d47ba11f73c682b9d27790af0c92722	0.0	0.0	0.0	0.0	0.0	0.0	0.0	0.0	0.0	0.0	2.0	0.0
f342d150a80a3bf2ccb8f974b9411afa	0.0	0.0	0.0	0.0	0.0	0.0	0.0	2.0	0.0	0.0	0.0	0.0
c4c8b6158af9f5ce3853a644a7636352	0.0	0.0	0.0	0.0	0.0	0.0	0.0	0.0	0.0	0.0	3.0	0.0
f0f26bff3b6d3aac090f45e52c1d8148	0.0	0.0	0.0	0.0	0.0	0.0	0.0	0.0	0.0	6.0	0.0	0.0
01d8e73855ca3ac055d093e7e3413d87	0.0	0.0	0.0	0.0	0.0	0.0	0.0	0.0	0.0	2.0	0.0	0.0
8ba803b6ecd4b01d2051d9af555f9b83	0.0	0.0	0.0	0.0	0.0	0.0	0.0	0.0	0.0	6.0	0.0	0.0
8d9c114581a1f2814b0f4b851000f7ee	0.0	0.0	0.0	0.0	0.0	0.0	0.0	0.0	0.0	4.0	0.0	0.0
18bd8568115fd409c261ca407e2817a1	0.0	0.0	0.0	0.0	0.0	0.0	2.0	0.0	0.0	0.0	0.0	0.0
c4cad6aef3fc37c63091d197b3378c20	0.0	0.0	0.0	0.0	0.0	0.0	0.0	0.0	0.0	0.0	0.0	3.0
f0fdf359f102eb5020297b6a4f4ef23b	0.0	0.0	0.0	0.0	0.0	0.0	0.0	0.0	0.0	3.0	0.0	0.0
dc170d1912a0b0f04ce6c54d7b58b3c3	0.0	0.0	0.0	5.0	0.0	0.0	0.0	0.0	0.0	0.0	0.0	0.0
b88e5df3e89ddf5af40c80c851e362af	0.0	0.0	0.0	0.0	0.0	0.0	0.0	0.0	3.0	0.0	0.0	0.0
61f8955bbfcab88376f7354a0a9fa2b0	0.0	0.0	0.0	0.0	0.0	0.0	0.0	9.0	0.0	0.0	0.0	0.0
70237a0352cda1237cfb2e9103dbe1d9	0.0	4.0	0.0	0.0	0.0	0.0	0.0	0.0	0.0	0.0	0.0	0.0
3fc0e7191fc264f85ce7fe656d8d3dcc	0.0	0.0	0.0	0.0	0.0	0.0	0.0	0.0	0.0	8.0	0.0	0.0
b9fdf9ea3dd85a700f3340dc3738fe92	0.0	0.0	0.0	0.0	0.0	0.0	0.0	0.0	0.0	5.0	0.0	0.0
3084d63ba2189db1eb171326c9a83d8d	0.0	0.0	0.0	0.0	0.0	0.0	0.0	9.0	4.0	8.0	0.0	0.0
66d5491d1eca2a624684550472db7aac	0.0	3.0	0.0	0.0	0.0	0.0	0.0	0.0	0.0	0.0	0.0	0.0
4e5cfe3cbc8f93abcb86f7c97f89aa27	0.0	0.0	0.0	0.0	0.0	0.0	0.0	0.0	0.0	5.0	0.0	0.0
384409e77fc3cbd2c4e5f86b5c20188e	0.0	0.0	0.0	0.0	0.0	0.0	0.0	3.0	0.0	0.0	0.0	0.0
8cfbb060b0117c5644e50dc82a0a6eca	0.0	0.0	0.0	0.0	0.0	0.0	0.0	0.0	0.0	0.0	0.0	2.0
deb798d7d19bfe68f93c47b103029511	0.0	0.0	0.0	2.0	0.0	0.0	0.0	0.0	0.0	0.0	0.0	0.0
b405afad35b5fdc0481307855bf91513	0.0	2.0	0.0	0.0	0.0	0.0	0.0	0.0	0.0	0.0	0.0	0.0
60e30814dfa41a42cf2878cd410614d0	0.0	0.0	0.0	0.0	0.0	0.0	0.0	0.0	0.0	4.0	0.0	0.0
64b2d2a9931123b4ef734f4668672471	0.0	0.0	0.0	4.0	0.0	0.0	0.0	0.0	0.0	0.0	0.0	0.0
853a09942900cb79aca965d9bcfd140b	0.0	0.0	0.0	3.0	0.0	0.0	0.0	0.0	0.0	0.0	0.0	0.0
20e1b78b7551bf6b0aff3b4cdfdebf8d	0.0	0.0	0.0	0.0	0.0	0.0	0.0	0.0	3.0	0.0	0.0	0.0
19551b96ef94829ae380011da88c97f0	0.0	0.0	0.0	0.0	0.0	0.0	0.0	0.0	0.0	0.0	7.0	0.0
fa7d77f09bd7abd6ba1ce29e2e2deb67	0.0	0.0	0.0	0.0	0.0	0.0	0.0	0.0	0.0	5.0	0.0	0.0
d028f69763e0cefd68b7403194a0fd3e	0.0	0.0	0.0	0.0	0.0	0.0	0.0	2.0	0.0	0.0	0.0	0.0
f91bb9b893ef71d5755f17cf78dd53da	0.0	2.0	0.0	0.0	0.0	0.0	0.0	0.0	0.0	0.0	0.0	0.0
be204ee241ec19e1a9ffb0229324bc8c	0.0	0.0	0.0	0.0	0.0	0.0	0.0	3.0	0.0	0.0	0.0	0.0
089a662308c3395f9328c4fd3213d2ea	0.0	0.0	0.0	0.0	0.0	0.0	0.0	0.0	0.0	9.0	0.0	0.0
7f9cbcdc2c1c0ab30d16acf5bd3aee6b	0.0	0.0	0.0	0.0	0.0	0.0	0.0	0.0	0.0	14.0	0.0	0.0
4bc9ac03b8778f32b4467fada93b4e1e	0.0	0.0	0.0	0.0	0.0	0.0	0.0	0.0	0.0	14.0	0.0	0.0
799f40a85c3b5ac0f7891f2f59deb76e	0.0	0.0	0.0	0.0	0.0	0.0	0.0	0.0	0.0	14.0	0.0	0.0
c337a7f69490088e88498811378ddac8	0.0	0.0	0.0	0.0	0.0	0.0	3.0	0.0	0.0	0.0	0.0	0.0
4565c8b2a81a05f69eb59ae4214d1a3d	0.0	0.0	0.0	3.0	0.0	0.0	0.0	0.0	0.0	0.0	0.0	0.0
19b53ad922860dfc89008b8b5372957e	0.0	0.0	0.0	0.0	0.0	0.0	0.0	0.0	0.0	11.0	0.0	0.0
ac9233e201589bd2736e7f30700f0af4	0.0	0.0	0.0	3.0	0.0	0.0	0.0	0.0	0.0	20.0	0.0	0.0
86ebcf415c5c47f2abd6430836091cbd	0.0	0.0	0.0	2.0	0.0	0.0	0.0	0.0	0.0	0.0	0.0	0.0
0f16d032fc4553775b9e7f032faae06e	0.0	0.0	0.0	5.0	0.0	0.0	0.0	0.0	0.0	0.0	0.0	0.0
b65ef43f8f8abb4f4fc7b928b4c24dd5	0.0	0.0	0.0	0.0	0.0	0.0	0.0	0.0	0.0	11.0	0.0	0.0
eadc333879a2d558fe39aa5c7fc0b2f5	0.0	0.0	0.0	0.0	0.0	0.0	0.0	6.0	0.0	0.0	0.0	0.0
ab9303d0ee943172c8a2d1dd2342f386	0.0	0.0	0.0	0.0	0.0	0.0	9.0	7.0	0.0	0.0	0.0	0.0
cb00da1daf7c6559ec342b955dbf81b5	0.0	0.0	0.0	0.0	0.0	0.0	0.0	0.0	0.0	3.0	0.0	0.0
1348c744a98ae10cd6dc3255df835f64	0.0	0.0	0.0	4.0	0.0	0.0	0.0	0.0	0.0	0.0	0.0	0.0
e43eda3ba088314cb25c419d83765f1f	0.0	0.0	0.0	0.0	0.0	0.0	0.0	0.0	0.0	0.0	3.0	0.0
46fe333b947fa121c1c9f1b80a97f37d	0.0	0.0	0.0	0.0	0.0	0.0	0.0	0.0	0.0	7.0	0.0	0.0
72d088fab26bee95227c20eb71ef9694	65.0	0.0	0.0	0.0	0.0	0.0	0.0	0.0	0.0	0.0	0.0	0.0
eee3035008ee01eb80fa89aa8e6fdbaf	0.0	0.0	0.0	2.0	0.0	0.0	0.0	0.0	0.0	0.0	0.0	0.0
0e15e38189103255aa867e458ea70afc	0.0	0.0	0.0	5.0	0.0	0.0	0.0	0.0	0.0	0.0	0.0	0.0
64b6f664859a09bdbd089e135fafa1a4	0.0	0.0	0.0	0.0	0.0	0.0	0.0	0.0	0.0	11.0	0.0	0.0
1afaa3c7fbb1206c9109e726adc00965	0.0	0.0	0.0	0.0	0.0	0.0	0.0	0.0	0.0	5.0	0.0	0.0
2c478d3b8056000bf2c8af67dd9a81ed	0.0	0.0	2.0	0.0	0.0	0.0	0.0	0.0	0.0	0.0	0.0	0.0
b8806369156594e83b8458f5c96af2ea	0.0	0.0	0.0	0.0	0.0	0.0	0.0	0.0	0.0	16.0	0.0	0.0
f7f60f29621cf4b903a1cb2bb383dc60	0.0	0.0	0.0	0.0	0.0	0.0	0.0	0.0	0.0	12.0	0.0	0.0
c7db8033edd19f0f04ceba7e0b063d2e	0.0	0.0	0.0	0.0	0.0	0.0	0.0	0.0	0.0	11.0	0.0	0.0
2d43356adc12d1fbd662f899f9928e0d	0.0	0.0	0.0	0.0	0.0	0.0	3.0	0.0	0.0	0.0	0.0	0.0
5201046b2e9517589088f29c9caaaed2	0.0	0.0	0.0	0.0	0.0	0.0	0.0	0.0	0.0	4.0	0.0	0.0
5d74df4bedc97eb78ee9ffdfba76dacb	0.0	0.0	0.0	0.0	0.0	0.0	0.0	0.0	0.0	7.0	0.0	0.0
91f96eb1b006deddeec05cccb291abdd	0.0	0.0	0.0	0.0	0.0	4.0	0.0	0.0	0.0	0.0	0.0	0.0
170d350f4e1fa0383bdd2aa1d3345570	0.0	0.0	0.0	0.0	0.0	0.0	0.0	0.0	0.0	4.0	0.0	0.0
57449b54ce18f305131fb6206094ab67	0.0	0.0	0.0	2.0	0.0	0.0	0.0	0.0	0.0	0.0	0.0	0.0
dc41097821c1253da8a2d44edb6693c9	0.0	0.0	0.0	0.0	0.0	0.0	0.0	0.0	0.0	6.0	0.0	0.0
db9df376436c23a5766c7313341a1aa2	0.0	3.0	0.0	0.0	0.0	0.0	0.0	0.0	0.0	0.0	0.0	0.0
ec6ec706f62b4aa3db57f5471be0b622	0.0	0.0	0.0	2.0	0.0	0.0	0.0	0.0	0.0	0.0	0.0	0.0
73e71e7ba9c65304bcd475c50c798d23	0.0	0.0	0.0	0.0	0.0	0.0	0.0	3.0	0.0	0.0	0.0	0.0
649ddbc09889aafcf3f6278f89ff1e8b	0.0	0.0	0.0	0.0	0.0	0.0	0.0	0.0	0.0	21.0	0.0	0.0
a9ad8072025a013f9d5bf83bec1b628d	0.0	0.0	0.0	0.0	0.0	0.0	0.0	0.0	8.0	0.0	0.0	0.0
b7fb0668c144478001f8155b633df812	0.0	0.0	0.0	0.0	0.0	0.0	0.0	0.0	0.0	7.0	0.0	0.0
09a8c7f4680f2ae4045de40d5b6a38b0	0.0	0.0	0.0	0.0	0.0	0.0	0.0	0.0	0.0	5.0	0.0	0.0
b26dcdc6c35976542ccb96c30d5808f2	0.0	0.0	0.0	0.0	0.0	0.0	2.0	0.0	0.0	0.0	0.0	0.0
107513de59669903034e836df4108927	0.0	3.0	0.0	0.0	0.0	0.0	0.0	0.0	0.0	0.0	0.0	0.0
9fbeec96d149b93522fd48591021b160	0.0	0.0	0.0	0.0	0.0	0.0	0.0	0.0	0.0	3.0	0.0	0.0
3b1f5b243830b3b1568ffe667611c121	0.0	0.0	0.0	10.0	0.0	0.0	0.0	0.0	0.0	0.0	0.0	0.0
32946352dfe841d71ef51480ce35e5f4	0.0	0.0	0.0	0.0	0.0	0.0	0.0	6.0	0.0	0.0	0.0	0.0
cc4c0bdbb7e15dad5a69511ce35511df	0.0	0.0	0.0	6.0	0.0	0.0	0.0	0.0	0.0	0.0	0.0	0.0
6608c21dc2377102088458b97652de27	0.0	5.0	0.0	0.0	0.0	0.0	0.0	0.0	0.0	0.0	0.0	0.0
10b8037709585eaab67c57ddee15da2b	0.0	4.0	0.0	0.0	0.0	0.0	0.0	0.0	0.0	0.0	0.0	0.0
95a9133a08f0f0031cf7db926e6a9494	0.0	3.0	0.0	0.0	0.0	0.0	0.0	0.0	0.0	0.0	0.0	0.0
8605d43098cb61ec5b95f346ecf17f1e	0.0	0.0	0.0	2.0	0.0	0.0	0.0	0.0	0.0	0.0	0.0	0.0
5526ea2a59804d6c9f47920f3795f708	0.0	0.0	0.0	0.0	0.0	0.0	0.0	0.0	0.0	11.0	0.0	0.0
c6e00f54ba8ea772357dc7091c14a193	0.0	3.0	0.0	0.0	0.0	0.0	0.0	0.0	0.0	9.0	0.0	0.0
e9b8209ab0c8632fac19e1ce35fec00b	0.0	0.0	0.0	0.0	0.0	0.0	0.0	0.0	0.0	4.0	0.0	0.0
bcf249de305b178769c98244c50c63cd	0.0	0.0	0.0	0.0	35.0	0.0	0.0	0.0	0.0	0.0	0.0	0.0
149c023aeda06810c6ff9f1a635c894a	0.0	3.0	0.0	0.0	0.0	0.0	0.0	0.0	0.0	0.0	0.0	0.0
fb40a699d46f13ffa670f00f2095483d	0.0	0.0	0.0	8.0	0.0	0.0	0.0	0.0	0.0	0.0	0.0	0.0
c0d2b68a9ea85eda13b2bdba929fad7a	0.0	0.0	0.0	4.0	0.0	0.0	0.0	0.0	0.0	0.0	0.0	0.0
a3ed5eede890f75eaabb96d6983f70dc	0.0	0.0	0.0	0.0	0.0	0.0	0.0	0.0	0.0	5.0	0.0	0.0
08b2bde04a279d15ea8f4c66dd64092a	0.0	0.0	0.0	0.0	0.0	0.0	0.0	0.0	0.0	2.0	0.0	0.0
ddfcf238e43a1605eda974b4872573a6	0.0	0.0	0.0	0.0	0.0	0.0	0.0	0.0	0.0	3.0	0.0	0.0
8f27dc559ac0c1b9ccfdcd49b8802bde	0.0	0.0	0.0	10.0	0.0	0.0	0.0	0.0	0.0	0.0	0.0	0.0
4140a2adb7c96055286417e2b484b71b	0.0	5.0	0.0	0.0	0.0	0.0	0.0	0.0	0.0	0.0	0.0	0.0
850ffb2cff8876b309b2990a0a21757e	0.0	0.0	0.0	0.0	0.0	3.0	4.0	0.0	0.0	12.0	0.0	0.0
c70daca984d7afc10f864497cacfdd75	0.0	0.0	0.0	0.0	0.0	0.0	0.0	0.0	0.0	4.0	0.0	0.0
6a10208f6e89b7e42be1b5b0cd8b71b0	0.0	0.0	0.0	21.0	0.0	0.0	10.0	9.0	0.0	8.0	4.0	0.0
86c855e9ae0cbd975bf7654748f2bf3d	0.0	0.0	0.0	0.0	0.0	0.0	0.0	2.0	0.0	0.0	0.0	0.0
af0e8be5d38e4da16b111720fc02948d	0.0	0.0	0.0	4.0	0.0	0.0	0.0	0.0	0.0	0.0	0.0	0.0
2b7f12e1fdf08c274d1483d84b072a2d	0.0	0.0	0.0	6.0	0.0	0.0	0.0	0.0	0.0	0.0	0.0	0.0
68a3075a30633f3e909457fa03baf59e	0.0	0.0	0.0	0.0	0.0	8.0	0.0	0.0	0.0	22.0	0.0	0.0
1bfa86e8f286fe4d8f5e94658121cc72	0.0	0.0	0.0	0.0	0.0	0.0	0.0	0.0	0.0	7.0	0.0	0.0
8210481be347c246c20c26a6d3660706	0.0	3.0	0.0	0.0	0.0	0.0	0.0	0.0	0.0	0.0	0.0	0.0
63117819a4482653b6598a9682d1bcc4	0.0	0.0	0.0	0.0	0.0	0.0	0.0	0.0	0.0	10.0	0.0	0.0
4d96cfa68d5c5eba095e0d8f7103ccf2	0.0	0.0	0.0	0.0	0.0	0.0	0.0	0.0	4.0	0.0	0.0	0.0
e4788dd98defd1dc2ca6e9af76bfd7db	0.0	0.0	0.0	0.0	0.0	0.0	0.0	0.0	0.0	10.0	0.0	0.0
4a05d78b81fc91473e3e388ac20e2a79	0.0	0.0	0.0	3.0	0.0	0.0	0.0	0.0	0.0	0.0	0.0	0.0
9a57fa332cc39cac2a8af379ae0f1b69	0.0	0.0	0.0	2.0	0.0	0.0	0.0	0.0	0.0	0.0	0.0	0.0
0e57105657e015a57e9e67e573a6989e	0.0	2.0	0.0	0.0	0.0	0.0	0.0	0.0	0.0	0.0	0.0	0.0
c18f4772411a3719f627453081e3c3f6	0.0	0.0	0.0	2.0	0.0	0.0	0.0	0.0	0.0	4.0	0.0	0.0
2c65716b89729e257299400e62eb5a94	5.0	0.0	0.0	0.0	0.0	0.0	0.0	0.0	0.0	0.0	0.0	0.0
65cec930664730e0fd23e6e88016f6d8	0.0	0.0	0.0	2.0	0.0	0.0	0.0	0.0	0.0	0.0	0.0	0.0
76eaafb0ad5eafae52c2118d4b26bf8a	0.0	0.0	0.0	3.0	0.0	0.0	0.0	0.0	0.0	0.0	0.0	0.0
77cafe4e175d466e0959f16007a156d3	0.0	0.0	0.0	0.0	0.0	0.0	0.0	0.0	0.0	3.0	0.0	0.0
d3429f61869d21718fc56e8d37a3b406	0.0	0.0	0.0	0.0	0.0	0.0	0.0	0.0	0.0	0.0	4.0	0.0
53962f0c3f94fd14acbf844fdee63ae2	0.0	0.0	0.0	0.0	0.0	0.0	0.0	3.0	0.0	0.0	0.0	0.0
5d3493a9438964640659f6a993d4e912	0.0	0.0	0.0	15.0	0.0	0.0	0.0	0.0	0.0	0.0	0.0	0.0
0667b375d5b7678f28325f037cc5419c	0.0	3.0	0.0	0.0	0.0	0.0	0.0	0.0	0.0	0.0	0.0	0.0
cbbadc00bdd857fad88e69583e75aab0	0.0	0.0	0.0	0.0	0.0	0.0	0.0	0.0	0.0	2.0	0.0	0.0
9a7b6add53497fb7b1af164f77dcb8bf	0.0	0.0	0.0	0.0	0.0	0.0	4.0	0.0	0.0	0.0	0.0	0.0
